"ESTADO","SCIG","AGE","ED","PERFEM","PRICE","PRE_1","RES_1","ZRE_1","SRE_1","LMCI_1","UMCI_1","LICI_1","UICI_1","FILTER_$","PRE_2","RES_2","ZRE_2","SRE_2","LMCI_2","UMCI_2","LICI_2","UICI_2","PRE_3","RES_3","ZRE_3","SRE_3","LMCI_3","UMCI_3","LICI_3","UICI_3","PRE_4","RES_4","ZRE_4","SRE_4","LMCI_4","UMCI_4","LICI_4","UICI_4","PRE_5","RES_5","ZRE_5","SRE_5","LMCI_5","UMCI_5","LICI_5","UICI_5","PRE_6","RES_6","ZRE_6","SRE_6","LMCI_6","UMCI_6","LICI_6","UICI_6","PRE_7","RES_7","ZRE_7","SRE_7","LMCI_7","UMCI_7","LICI_7","UICI_7","PRE_8","RES_8","ZRE_8","SRE_8","LMCI_8","UMCI_8","LICI_8","UICI_8","PRE_9","RES_9","ZRE_9","SRE_9","LMCI_9","UMCI_9","LICI_9","UICI_9","SCIGUNDE","LNAGEM3","LNPRICEM","PRE_10","RES_10","ZRE_10","SRE_10","LMCI_10","UMCI_10","LICI_10","UICI_10","PRE_11","RES_11","ZRE_11","SRE_11","LMCI_11","UMCI_11","LICI_11","UICI_11","PRE_12","RES_12","ZRE_12","SRE_12","LMCI_12","UMCI_12","LICI_12","UICI_12"
1,89.8,27,41.3,51.7,42.7,104.57648085897388,-14.776480858973885,-.5217064540665097,-.5345559061844599,92.19547826023799,116.95748345770977,46.43350930477817,162.7194524131696,1,,,,,,,,,105.57410458577054,-15.774104585770544,-.7232030169640545,-.7410370368451099,96.02975639020067,115.11845278134041,60.777663426350706,150.37054574519038,105.57410458577054,-15.774104585770544,-.7232030169640545,-.7410370368451099,96.02975639020067,115.11845278134041,60.777663426350706,150.37054574519038,104.57648085897388,-14.776480858973885,-.5217064540665097,-.5345559061844599,92.19547826023799,116.95748345770977,46.43350930477817,162.7194524131696,104.57648085897388,-14.776480858973885,-.5217064540665097,-.5345559061844599,92.19547826023799,116.95748345770977,46.43350930477817,162.7194524131696,105.57410458577054,-15.774104585770544,-.7232030169640545,-.7410370368451099,96.02975639020067,115.11845278134041,60.777663426350706,150.37054574519038,100.10866702112402,-10.308667021124025,-.39753692317990413,-.407894566801671,88.45687184252928,111.76046219971876,46.78502519919656,153.4323088430515,101.16507334999469,-11.365073349994693,-.6151854683276358,-.6312349628966265,92.85486781898476,109.47527888100461,63.15691589000233,139.17323080998705,1.5679334799559221,.02793205433181287,9.514348099995178e-05,1.590662445352338,-.022728965396415765,-.9620110764509218,-.9809020390282351,1.5813983851723803,1.5999265055322955,1.5423340227209699,1.638990867983706,1.584909666794318,-.016976186838395992,-.9424024245055332,-.9635932780764307,1.5773556428065838,1.5924636907820524,1.5479112593651216,1.6219080742235146,1.584909666794318,-.016976186838395992,-.9424024245055332,-.9635932780764307,1.5773556428065838,1.5924636907820524,1.5479112593651216,1.6219080742235146
2,121.3,22.9,66.7,45.7,41.8,85.10739103687727,36.19260896312272,1.2778358978551634,1.4127200603946017,60.88226070992982,109.33252136382472,23.348400961264023,146.86638111249053,0,,,,,,,,,88.63840480961719,32.66159519038281,1.4974519822729861,1.6562280688590916,69.93861838396062,107.33819123527375,41.043146953017065,136.2336626662173,88.63840480961719,32.66159519038281,1.4974519822729861,1.6562280688590916,69.93861838396062,107.33819123527375,41.043146953017065,136.2336626662173,85.10739103687727,36.19260896312272,1.2778358978551634,1.4127200603946017,60.88226070992982,109.33252136382472,23.348400961264023,146.86638111249053,85.10739103687727,36.19260896312272,1.2778358978551634,1.4127200603946017,60.88226070992982,109.33252136382472,23.348400961264023,146.86638111249053,88.63840480961719,32.66159519038281,1.4974519822729861,1.6562280688590916,69.93861838396062,107.33819123527375,41.043146953017065,136.2336626662173,80.30434015389443,40.995659846105575,1.580930729992067,1.7510811863237485,57.92952131362501,102.67915899416384,23.662668529513823,136.94601177827505,83.88351199962324,37.41648800037676,2.025334899725736,2.2443196799827616,67.90418552773498,99.8628384715115,43.49911659705303,124.26790740219344,1.6157943310265896,.032575705241355175,9.900986997391197e-05,1.5591495467301089,.056644784296480795,2.397509475947418,2.688747705673916,1.5376788287440168,1.5806202647162009,1.5070841517555527,1.611214941704665,,,,,,,,,,,,,,,,
3,115.2,26.3,58.1,50.8,38.5,113.03600979198096,2.163990208019037,.07640301292541035,.07747103433861852,103.63544268533285,122.43657689862907,55.45401106209402,170.6180085218679,1,,,,,,,,,111.83940565780908,3.3605943421909172,.1540747973268292,.15623504467558025,104.58625857674184,119.09255273887632,67.4746144304103,156.20419688520786,111.83940565780908,3.3605943421909172,.1540747973268292,.15623504467558025,104.58625857674184,119.09255273887632,67.4746144304103,156.20419688520786,113.03600979198096,2.163990208019037,.07640301292541035,.07747103433861852,103.63544268533285,122.43657689862907,55.45401106209402,170.6180085218679,113.03600979198096,2.163990208019037,.07640301292541035,.07747103433861852,103.63544268533285,122.43657689862907,55.45401106209402,170.6180085218679,111.83940565780908,3.3605943421909172,.1540747973268292,.15623504467558025,104.58625857674184,119.09255273887632,67.4746144304103,156.20419688520786,110.89534692474813,4.304653075251883,.1660019220124112,.16837496666638851,102.18993078366064,119.60076306583561,58.137118026700435,163.65357582279583,109.73714830604882,5.462851693951182,.2957013011930403,.2999402214921827,103.52380641928772,115.95049019280992,72.13174796330917,147.3425486487885,1.6074787774372845,.028610701294043132,.00011571822231693073,1.5962517846399287,.011226992797355815,.4751862321016244,.48182110998367933,1.5884073518011972,1.6040962174786602,1.5481752961078028,1.6443282731720545,1.589875139244254,.017603638193030447,.9772342559112401,.9936232001135746,1.5833239776830783,1.5964263008054298,1.5530683926929738,1.6266818857955343,1.589875139244254,.017603638193030447,.9772342559112401,.9936232001135746,1.5833239776830783,1.5964263008054298,1.5530683926929738,1.6266818857955343
4,100.3,29.1,39.9,51.5,38.8,127.2482328039638,-26.948232803963805,-.9514489352163007,-.9669310962356017,117.12292288359475,137.37354272433285,69.54348588669858,184.95297972122904,1,,,,,,,,,124.11725802655539,-23.817258026555397,-1.0919613704193532,-1.1100460945328972,116.24897906570865,131.98553698740213,79.64775868288402,168.58675737022676,124.11725802655539,-23.817258026555397,-1.0919613704193532,-1.1100460945328972,116.24897906570865,131.98553698740213,79.64775868288402,168.58675737022676,127.2482328039638,-26.948232803963805,-.9514489352163007,-.9669310962356017,117.12292288359475,137.37354272433285,69.54348588669858,184.95297972122904,127.2482328039638,-26.948232803963805,-.9514489352163007,-.9669310962356017,117.12292288359475,137.37354272433285,69.54348588669858,184.95297972122904,124.11725802655539,-23.817258026555397,-1.0919613704193532,-1.1100460945328972,116.24897906570865,131.98553698740213,79.64775868288402,168.58675737022676,125.52191668919521,-25.22191668919522,-.9726420629142861,-.9886706130190649,116.19012814373778,134.85370523465264,72.65672281149891,178.38711056689152,122.43515977621762,-22.135159776217623,-1.1981646060776054,-1.2182511645778633,115.72795426599703,129.1423652864382,84.74501354020153,160.12530601223372,1.5853680197540378,.02611108637587441,.00011401050172456934,1.6134050527522632,-.028037032998225277,-1.1866768163308499,-1.2067426618516226,1.6047912138093172,1.6220188916952092,1.5651970467330005,1.6616130587715259,1.6124172419138927,-.02704922215985486,-1.5015888307014282,-1.528157833199628,1.6056927494936641,1.6191417343341212,1.575579249674911,1.6492552341528743,1.6124172419138927,-.02704922215985486,-1.5015888307014282,-1.528157833199628,1.6056927494936641,1.6191417343341212,1.575579249674911,1.6492552341528743
5,123,28.1,62.6,50.8,39.7,119.23949611660821,3.760503883391797,.1327703913558151,.1342420322063602,110.85071479217773,127.62827744103869,61.81400031629996,176.66499191691645,1,,,,,,,,,117.45317352749103,5.5468264725089735,.2543080412382481,.2571504102419745,110.96363803283161,123.94270902215045,73.20681063733326,161.6995364176488,117.45317352749103,5.5468264725089735,.2543080412382481,.2571504102419745,110.96363803283161,123.94270902215045,73.20681063733326,161.6995364176488,119.23949611660821,3.760503883391797,.1327703913558151,.1342420322063602,110.85071479217773,127.62827744103869,61.81400031629996,176.66499191691645,119.23949611660821,3.760503883391797,.1327703913558151,.1342420322063602,110.85071479217773,127.62827744103869,61.81400031629996,176.66499191691645,117.45317352749103,5.5468264725089735,.2543080412382481,.2571504102419745,110.96363803283161,123.94270902215045,73.20681063733326,161.6995364176488,116.7717202138273,6.2282797861727115,.24018344736764216,.24294584294668578,108.94713860514497,124.59630182250962,64.15166202666622,169.3917784009884,115.03216005526627,7.967839944733726,.4312950032973565,.43629387236771994,109.43389307800963,120.63042703252292,77.52347958414617,152.54084052638638,1.6180446847627483,.026940885726031105,.00010913128101105649,1.6049359000070493,.013108784755699024,.5548337072914945,.5618251394363745,1.59747630187007,1.6123954981440287,1.5569207021277998,1.652951097886299,1.6019318942503225,.016112790512425906,.8944725331436483,.906116560760216,1.5961441172365518,1.607719671264093,1.565253327802727,1.638610460697918,1.6019318942503225,.016112790512425906,.8944725331436483,.906116560760216,1.5961441172365518,1.607719671264093,1.565253327802727,1.638610460697918
6,124.8,26.2,63.9,50.7,31.1,134.04707777128436,-9.24707777128438,-.32648234722303326,-.33846461470528666,119.06505417958485,149.02910136298388,75.29525272129679,192.79890282127195,1,,,,,,,,,128.12266595700473,-3.322665957004719,-.15233587627136863,-.15809458103296076,116.41735353257272,139.82797838143674,82.81658582392934,173.42874609008012,128.12266595700473,-3.322665957004719,-.15233587627136863,-.15809458103296076,116.41735353257272,139.82797838143674,82.81658582392934,173.42874609008012,134.04707777128436,-9.24707777128438,-.32648234722303326,-.33846461470528666,119.06505417958485,149.02910136298388,75.29525272129679,192.79890282127195,134.04707777128436,-9.24707777128438,-.32648234722303326,-.33846461470528666,119.06505417958485,149.02910136298388,75.29525272129679,192.79890282127195,128.12266595700473,-3.322665957004719,-.15233587627136863,-.15809458103296076,116.41735353257272,139.82797838143674,82.81658582392934,173.42874609008012,136.24589924377412,-11.445899243774118,-.4413924282424847,-.45774955807251677,122.45997989895847,150.03181858858977,82.41562877769667,190.07616970985157,130.3257860063746,-5.525786006374625,-.299107902564611,-.31052569972929495,120.3610014831954,140.29057052955383,91.92191317915396,168.72965883359527,1.620397104748243,.028710941810850352,.00017642473038802445,1.626458547472543,-.006061442724299923,-.25655259438112926,-.2673040557586795,1.6131415075066562,1.6397755874384299,1.5771923605237717,1.6757247344213144,1.6223961283913917,-.0019990236431486246,-.11097219569274884,-.11582546664164407,1.6120215744096635,1.6327706823731198,1.5847205362366645,1.6600717205461188,1.6223961283913917,-.0019990236431486246,-.11097219569274884,-.11582546664164407,1.6120215744096635,1.6327706823731198,1.5847205362366645,1.6600717205461188
7,120,29.1,56,51.5,45.5,107.73688313215322,12.263116867846776,.43296826071020394,.45140016028827157,91.66892498197986,123.80484128232659,48.69880055050234,166.7749657138041,1,,,,,,,,,108.95533805072309,11.044661949276911,.5063699685540646,.5279506142758176,96.56959898405009,121.34107711739608,63.468712650515656,154.4419634509305,108.95533805072309,11.044661949276911,.5063699685540646,.5279506142758176,96.56959898405009,121.34107711739608,63.468712650515656,154.4419634509305,107.73688313215322,12.263116867846776,.43296826071020394,.45140016028827157,91.66892498197986,123.80484128232659,48.69880055050234,166.7749657138041,107.73688313215322,12.263116867846776,.43296826071020394,.45140016028827157,91.66892498197986,123.80484128232659,48.69880055050234,166.7749657138041,108.95533805072309,11.044661949276911,.5063699685540646,.5279506142758176,96.56959898405009,121.34107711739608,63.468712650515656,154.4419634509305,102.06245978986667,17.937540210133335,.6917319698017264,.7228569439427268,86.95772010515559,117.16719947457774,47.879440243036555,156.24547933669677,103.35586973546724,16.644130264532766,.9009380543679065,.9415253812360465,92.58371749994832,114.12802197098615,64.73463488569658,141.9771045852379,1.6140542384620635,.02611108637587441,8.46014095853133e-05,1.5984213257800433,.01563291268202025,.6616682675607022,.6818870695492621,1.5869565304858544,1.6098861210742321,1.5496232197291329,1.6472194318309537,1.596206318792285,.017847919669778566,.9907951019446107,1.0216570888641745,1.587371319641558,1.605041317943012,1.558925276909273,1.633487360675297,1.596206318792285,.017847919669778566,.9907951019446107,1.0216570888641745,1.587371319641558,1.605041317943012,1.558925276909273,1.633487360675297
8,155,26.8,54.6,51.3,41.3,107.5759174739596,47.424082526040394,1.6743804000525848,1.7055148401892908,96.77060358963966,118.38123135827955,49.74797678832924,165.40385815959,0,,,,,,,,,107.81678523249724,47.183214767502754,2.163231712100003,2.2034598788980815,99.49164306708668,116.14192739790779,63.26418092988231,152.36938953511216,107.81678523249724,47.183214767502754,2.163231712100003,2.2034598788980815,99.49164306708668,116.14192739790779,63.26418092988231,152.36938953511216,107.5759174739596,47.424082526040394,1.6743804000525848,1.7055148401892908,96.77060358963966,118.38123135827955,49.74797678832924,165.40385815959,107.5759174739596,47.424082526040394,1.6743804000525848,1.7055148401892908,96.77060358963966,118.38123135827955,49.74797678832924,165.40385815959,107.81678523249724,47.183214767502754,2.163231712100003,2.2034598788980815,99.49164306708668,116.14192739790779,63.26418092988231,152.36938953511216,103.89085786051899,51.109142139481015,1.9709406726261955,2.009465214534809,93.75062550537987,114.03109021565811,50.87698459619791,156.90473112484008,104.18376866914558,50.81623133085442,2.7506559885010993,2.804428179201339,96.95574251309117,111.41179482519999,66.3974632179831,141.97007412030806,1.6558964299258778,.02812194364213701,.00010127322721593687,1.5924163214955886,.06348010843028909,2.6868168602990536,2.731797989427545,1.583844285067605,1.6009883579235722,1.5442157672296788,1.6406168757614985,,,,,,,,,,,,,,,,
9,200.4,28.4,55.2,53.5,32.6,141.5320452210934,58.8679547789066,2.0784239656900083,2.14646196496775,127.34209723113113,155.72199321105566,82.97719452740671,200.0868959147801,0,,,,,,,,,134.90850536003637,65.49149463996362,3.002620291476484,3.105000791320727,123.76200908895845,146.0550016311143,89.7435749693866,180.07343575068614,134.90850536003637,65.49149463996362,3.002620291476484,3.105000791320727,123.76200908895845,146.0550016311143,89.7435749693866,180.07343575068614,141.5320452210934,58.8679547789066,2.0784239656900083,2.14646196496775,127.34209723113113,155.72199321105566,82.97719452740671,200.0868959147801,141.5320452210934,58.8679547789066,2.0784239656900083,2.14646196496775,127.34209723113113,155.72199321105566,82.97719452740671,200.0868959147801,134.90850536003637,65.49149463996362,3.002620291476484,3.105000791320727,123.76200908895845,146.0550016311143,89.7435749693866,180.07343575068614,143.31141954784272,57.088580452157295,2.2015279545991637,2.27410438558263,130.2704287836247,156.35241031206073,89.66709192243849,196.95574717324695,136.7025451921972,63.697454807802806,3.447909869163746,3.5663105490202036,127.22518262437728,146.1799077600171,98.42225106091003,174.98283932348434,1.6989858885575413,.026685212866498827,.00016039118347989929,1.6328959776710241,.06608991088651726,2.797277623754492,2.8813293451425404,1.6215229896844374,1.6442689656576108,1.5841193595147671,1.6816725958272811,,,,,,,,,,,,,,,,
10,123.6,32.3,52.6,51.8,43.8,129.92851327605877,-6.328513276058771,-.2234379249210982,-.24269535234920941,107.75096826383816,152.10605828827937,68.94360187519521,190.91342467692232,1,,,,,,,,,127.61010015347794,-4.010100153477951,-.18385300500285767,-.19973435445840318,110.50685585505491,144.71334445190098,80.61916992643705,174.60103038051884,127.61010015347794,-4.010100153477951,-.18385300500285767,-.19973435445840318,110.50685585505491,144.71334445190098,80.61916992643705,174.60103038051884,129.92851327605877,-6.328513276058771,-.2234379249210982,-.24269535234920941,107.75096826383816,152.10605828827937,68.94360187519521,190.91342467692232,129.92851327605877,-6.328513276058771,-.2234379249210982,-.24269535234920941,107.75096826383816,152.10605828827937,68.94360187519521,190.91342467692232,127.61010015347794,-4.010100153477951,-.18385300500285767,-.19973435445840318,110.50685585505491,144.71334445190098,80.61916992643705,174.60103038051884,125.93142296758012,-2.3314229675801244,-.08990752259856248,-.09777849790648294,105.4772061883091,146.38563974685115,70.020588325959,181.84225760920123,123.68523567115544,-.0852356711554471,-.004613762240083435,-.005018527919507968,109.09272145196753,138.27774989034336,83.82921995491574,163.54125138739514,1.6188322475987262,.02382924962650251,9.075110408984567e-05,1.6180076141357094,.00082463346301679,.03490288764130609,.03714100324518718,1.6017910263309776,1.6342242019404412,1.567879863906452,1.6681353643649668,1.621033610462853,-.0022013628641267555,-.12220469296893745,-.13068376825880762,1.6081998466809937,1.6338673742447125,1.5826080412842694,1.6594591796414369,1.621033610462853,-.0022013628641267555,-.12220469296893745,-.13068376825880762,1.6081998466809937,1.6338673742447125,1.5826080412842694,1.6594591796414369
11,109.9,25.9,40.6,51.4,35.8,118.74366884774625,-8.843668847746239,-.31223937279316033,-.3176112134963603,108.33955143793229,129.14778625756023,60.98934801476181,176.49798968073068,1,,,,,,,,,116.09846963819032,-6.198469638190325,-.28418424123693975,-.2891322910560579,108.03590718571475,124.1610320906659,71.59418364940993,160.60275562697072,116.09846963819032,-6.198469638190325,-.28418424123693975,-.2891322910560579,108.03590718571475,124.1610320906659,71.59418364940993,160.60275562697072,118.74366884774625,-8.843668847746239,-.31223937279316033,-.3176112134963603,108.33955143793229,129.14778625756023,60.98934801476181,176.49798968073068,118.74366884774625,-8.843668847746239,-.31223937279316033,-.3176112134963603,108.33955143793229,129.14778625756023,60.98934801476181,176.49798968073068,116.09846963819032,-6.198469638190325,-.28418424123693975,-.2891322910560579,108.03590718571475,124.1610320906659,71.59418364940993,160.60275562697072,118.10958745578682,-8.20958745578682,-.31658934477776696,-.32204489525716945,108.57229836421972,127.64687654735393,65.20773182211919,171.01144308945447,115.48977342135429,-5.589773421354274,-.30257150782601905,-.30784775727750185,108.65253644366976,122.32701039903881,77.77627017616423,153.20327666654435,1.5999255327653368,.029016837293845993,.00013321769630863432,1.6022392224466726,-.0023136896813357993,-.09792769103631255,-.0994986057290498,1.5938439445498802,1.610634500343465,1.5540697890476525,1.6504086558456927,1.5957056500409221,.004219882724414639,.23425918602773368,.23861610640862763,1.588815950133145,1.6025953499486993,1.558837142630006,1.6325741574518382,1.5957056500409221,.004219882724414639,.23425918602773368,.23861610640862763,1.588815950133145,1.6025953499486993,1.558837142630006,1.6325741574518382
12,82.1,25,61.9,48,36.7,111.2737130723407,-29.1737130723407,-1.0300229495902835,-1.0578413144194525,98.33124372698661,124.21618241769478,53.00859976637057,169.53882637831083,1,,,,,,,,,109.89712600726749,-27.7971260072675,-1.2744283063471165,-1.308921031406035,99.91559175700478,119.8786602575302,65.00550558585417,154.7887464286808,109.89712600726749,-27.7971260072675,-1.2744283063471165,-1.308921031406035,99.91559175700478,119.8786602575302,65.00550558585417,154.7887464286808,111.2737130723407,-29.1737130723407,-1.0300229495902835,-1.0578413144194525,98.33124372698661,124.21618241769478,53.00859976637057,169.53882637831083,111.2737130723407,-29.1737130723407,-1.0300229495902835,-1.0578413144194525,98.33124372698661,124.21618241769478,53.00859976637057,169.53882637831083,109.89712600726749,-27.7971260072675,-1.2744283063471165,-1.308921031406035,99.91559175700478,119.8786602575302,65.00550558585417,154.7887464286808,109.91928359497965,-27.819283594979648,-1.072805279553159,-1.1019202848674647,98.03682071001879,121.8017464799405,56.544763733141444,163.29380345681784,108.57078470180143,-26.47078470180143,-1.432849712649266,-1.4718164123857929,100.09302442665432,117.04854497694853,70.52564129533224,146.61592810827062,1.5539402493831165,.02998384544082285,.00012692247601367578,1.5920592911089455,-.03811904172582898,-1.6134012140176495,-1.6585006728776766,1.5810731943279988,1.6030453878898923,1.5433714287046605,1.6407471535132305,1.5831507209036066,-.029210471520490094,-1.6215666948008625,-1.6780520347336396,1.5738325372195465,1.5924689045876668,1.5457522259999419,1.6205492158072714,1.5831507209036066,-.029210471520490094,-1.6215666948008625,-1.6780520347336396,1.5738325372195465,1.5924689045876668,1.5457522259999419,1.6205492158072714
13,102.4,26.4,59.5,50.1,33.6,127.84428524003125,-25.444285240031256,-.898349746162453,-.9170337561028374,116.4350993933073,139.2534710867552,69.90047247725914,185.78809800280337,1,,,,,,,,,123.39071486648467,-20.99071486648466,-.9623714764366377,-.982958530502452,114.47997071583579,132.30145901713357,78.72497946014205,168.0564502728273,123.39071486648467,-20.99071486648466,-.9623714764366377,-.982958530502452,114.47997071583579,132.30145901713357,78.72497946014205,168.0564502728273,127.84428524003125,-25.444285240031256,-.898349746162453,-.9170337561028374,116.4350993933073,139.2534710867552,69.90047247725914,185.78809800280337,127.84428524003125,-25.444285240031256,-.898349746162453,-.9170337561028374,116.4350993933073,139.2534710867552,69.90047247725914,185.78809800280337,123.39071486648467,-20.99071486648466,-.9623714764366377,-.982958530502452,114.47997071583579,132.30145901713357,78.72497946014205,168.0564502728273,128.61215577911628,-26.212155779116273,-1.0108290176595527,-1.0318943720051463,118.15171707050051,139.07259448773206,75.53610445419201,181.68820710404054,124.17466993426473,-21.77466993426473,-1.178651479728161,-1.2039178348940702,116.6161445979073,131.73319527062216,86.32375418845612,162.02558568007333,1.588656469448563,.028511304644133293,.00015098458807450335,1.6149364458314224,-.026279976382859345,-1.112308806328954,-1.1332194517411425,1.6058665514103176,1.624006340252527,1.5666448667743214,1.6632280248885234,1.6102485311062167,-.021592061657653597,-1.1986443981767785,-1.2224782038455142,1.6031314666199314,1.617365595592502,1.5733368597705606,1.6471602024418728,1.6102485311062167,-.021592061657653597,-1.1986443981767785,-1.2224782038455142,1.6031314666199314,1.617365595592502,1.5733368597705606,1.6471602024418728
14,124.8,28.6,52.6,51.5,41.4,116.98275971485425,7.817240285145741,.2759997288036593,.28064659066445763,106.68766085822685,127.27785857148166,59.24797837578761,174.71754105392088,1,,,,,,,,,115.91982354597255,8.880176454027447,.407133753158902,.4140020511103017,107.98047277621983,123.85917431572527,71.43769400256761,160.40195308937749,115.91982354597255,8.880176454027447,.407133753158902,.4140020511103017,107.98047277621983,123.85917431572527,71.43769400256761,160.40195308937749,116.98275971485425,7.817240285145741,.2759997288036593,.28064659066445763,106.68766085822685,127.27785857148166,59.24797837578761,174.71754105392088,116.98275971485425,7.817240285145741,.2759997288036593,.28064659066445763,106.68766085822685,127.27785857148166,59.24797837578761,174.71754105392088,115.91982354597255,8.880176454027447,.407133753158902,.4140020511103017,107.98047277621983,123.85917431572527,71.43769400256761,160.40195308937749,113.61878377486106,11.181216225138943,.4311853595079352,.43878510433049567,103.97614582038483,123.26142172933729,60.697834114160585,166.53973343556154,112.61120117132205,12.188798828677943,.6597732970878784,.6714220577877283,105.73252277941438,119.48987956322972,74.89016282459514,150.33223951804897,1.620397104748243,.02651803319703181,.00010081366383306293,1.603747087736613,.016650017011630217,.7047175491239218,.7171091622589661,1.5949674770725215,1.6125266984007043,1.5555091857669865,1.6519849897062393,1.601319668902615,.019077435845628002,1.0590494770948997,1.0780841822373028,1.5945436722538822,1.6080956655513479,1.5644722401663627,1.6381670976388674,1.601319668902615,.019077435845628002,1.0590494770948997,1.0780841822373028,1.5945436722538822,1.6080956655513479,1.5644722401663627,1.6381670976388674
15,134.6,27.2,52.9,51.3,32.2,136.2315309745174,-1.631530974517403,-.05760371820183572,-.05923240045710685,123.00127796491338,149.4617839841214,77.90181718728677,194.56124476174801,1,,,,,,,,,130.2608041946266,4.3391958053734045,.1989412128327488,.20478326027842714,119.88107435838539,140.64053403086777,85.27897064435386,175.24263774489933,130.2608041946266,4.3391958053734045,.1989412128327488,.20478326027842714,119.88107435838539,140.64053403086777,85.27897064435386,175.24263774489933,136.2315309745174,-1.631530974517403,-.05760371820183572,-.05923240045710685,123.00127796491338,149.4617839841214,77.90181718728677,194.56124476174801,136.2315309745174,-1.631530974517403,-.05760371820183572,-.05923240045710685,123.00127796491338,149.4617839841214,77.90181718728677,194.56124476174801,130.2608041946266,4.3391958053734045,.1989412128327488,.20478326027842714,119.88107435838539,140.64053403086777,85.27897064435386,175.24263774489933,137.9932727641186,-3.3932727641185783,-.130856027398466,-.13458508903387886,125.82909074946072,150.15745477877644,84.55532959304384,191.43121593519334,132.03347526740046,2.566524732599532,.13892463963723034,.1430367390426731,123.2043258711488,140.86262466365213,93.90849137760353,170.1584591571974,1.6326929068663119,.0277452534003579,.0001644263281489702,1.6273084900519719,.005384416814339917,.22789724588345864,.23428492687331945,1.6163081242569597,1.638308855846984,1.5786174059539326,1.675999574150011,1.624854821260319,.007838085605992692,.43511719969190477,.448061942830505,1.61621171205223,1.6334979304684083,1.58761878749365,1.6620908550269882,1.624854821260319,.007838085605992692,.43511719969190477,.448061942830505,1.61621171205223,1.6334979304684083,1.58761878749365,1.6620908550269882
16,108.5,28.8,59,51.4,38.5,126.50553259073205,-18.005532590732045,-.6357131072778384,-.6445093825022761,117.15182849955332,135.85923668191077,68.9311659331001,184.07989924836397,1,,,,,,,,,123.40792736134718,-14.907927361347182,-.6834909700125206,-.6931406220209411,116.13015001473171,130.68570470796266,79.03910270734045,167.7767520153539,123.40792736134718,-14.907927361347182,-.6834909700125206,-.6931406220209411,116.13015001473171,130.68570470796266,79.03910270734045,167.7767520153539,126.50553259073205,-18.005532590732045,-.6357131072778384,-.6445093825022761,117.15182849955332,135.85923668191077,68.9311659331001,184.07989924836397,126.50553259073205,-18.005532590732045,-.6357131072778384,-.6445093825022761,117.15182849955332,135.85923668191077,68.9311659331001,184.07989924836397,123.40792736134718,-14.907927361347182,-.6834909700125206,-.6931406220209411,116.13015001473171,130.68570470796266,79.03910270734045,167.7767520153539,124.89266228876652,-16.39266228876651,-.6321562735172063,-.6410168414348871,116.27080069649286,133.51452388104016,72.14815600056991,177.63716857696312,121.83742334101098,-13.337423341010973,-.7219477403837087,-.732267007557037,115.63289054729348,128.04195613472848,84.2334774745961,159.44136920742585,1.5978756324262715,.026353397622021126,.00011571822231693073,1.6125279521681288,-.014652319741857236,-.6201643427901028,-.6292461066878192,1.6044984170020298,1.6205574873342279,1.5644209146579904,1.6606349896782673,1.6110821033723188,-.01320647094604733,-.7331334390457757,-.7443075540923184,1.6048297120389763,1.6173344947056614,1.5743273584912179,1.6478368482534198,1.6110821033723188,-.01320647094604733,-.7331334390457757,-.7443075540923184,1.6048297120389763,1.6173344947056614,1.5743273584912179,1.6478368482534198
17,114,28.7,59.9,51,38.9,124.80189498195749,-10.801894981957487,-.38137756763738684,-.3863723804174699,115.69680648499099,133.906983478924,67.26739618045842,182.33639378345657,1,,,,,,,,,122.03999724091716,-8.03999724091716,-.36861364963049226,-.3735235489233024,114.96679900566068,129.11319547617364,77.70427021015425,166.37572427168007,122.03999724091716,-8.03999724091716,-.36861364963049226,-.3735235489233024,114.96679900566068,129.11319547617364,77.70427021015425,166.37572427168007,124.80189498195749,-10.801894981957487,-.38137756763738684,-.3863723804174699,115.69680648499099,133.906983478924,67.26739618045842,182.33639378345657,124.80189498195749,-10.801894981957487,-.38137756763738684,-.3863723804174699,115.69680648499099,133.906983478924,67.26739618045842,182.33639378345657,122.03999724091716,-8.03999724091716,-.36861364963049226,-.3735235489233024,114.96679900566068,129.11319547617364,77.70427021015425,166.37572427168007,122.93220508320108,-8.932205083201083,-.34445591449518764,-.3490501130879893,114.51751361455845,131.3468965518437,70.22116754093926,175.6432426254629,120.2143502476274,-6.2143502476273875,-.3363795243292819,-.34093964459130566,114.16864209587047,126.26005839938432,82.63628344540665,157.79241704984813,1.605796419184009,.02643540111371658,.00011345056734788984,1.610781316009101,-.004984896825091899,-.21098742846692303,-.21400792024660484,1.602840331621878,1.6187223003963238,1.5626889792385055,1.6588736527796963,1.6090617151248439,-.003265295940834699,-.1812670207193272,-.18394835910910642,1.6029001454820917,1.615223284767596,1.5723223110149234,1.6458011192347644,1.6090617151248439,-.003265295940834699,-.1812670207193272,-.18394835910910642,1.6029001454820917,1.615223284767596,1.5723223110149234,1.6458011192347644
18,155.8,27.5,38.5,50.9,30.1,143.96337136869622,11.83662863130379,.4179104355276408,.4377861537873488,127.04026692959764,160.8864758077948,84.68683824083233,203.23990449656011,1,,,,,,,,,136.40127037356578,19.398729626434243,.8893829576711864,.9333304433324371,123.12896997515398,149.67357077197758,90.66528327438131,182.13725747275024,136.40127037356578,19.398729626434243,.8893829576711864,.9333304433324371,123.12896997515398,149.67357077197758,90.66528327438131,182.13725747275024,143.96337136869622,11.83662863130379,.4179104355276408,.4377861537873488,127.04026692959764,160.8864758077948,84.68683824083233,203.23990449656011,143.96337136869622,11.83662863130379,.4179104355276408,.4377861537873488,127.04026692959764,160.8864758077948,84.68683824083233,203.23990449656011,136.40127037356578,19.398729626434243,.8893829576711864,.9333304433324371,123.12896997515398,149.67357077197758,90.66528327438131,182.13725747275024,147.0259147105754,8.774085289424606,.3383582826497769,.3546923476003544,131.41696147952655,162.63486794162424,92.70017617681629,201.3516532443345,139.4655842545177,16.33441574548232,.8841733696551586,.9285184195979069,128.14069704450174,150.79047146453365,100.68654883774221,178.24461967129318,1.6567491076042216,.02747067702772775,.00018862712841510027,1.641618446968954,.015130660635267372,.6404102813866984,.6792485827782001,1.6258094075053469,1.6574274864325613,1.5916210535190936,1.6916158404188146,1.6407744179523704,.015974689651851094,.886806112700063,.9453789560815995,1.6282238369770703,1.6533249989276706,1.6024424997025997,1.6791063362021412,1.6407744179523704,.015974689651851094,.886806112700063,.9453789560815995,1.6282238369770703,1.6533249989276706,1.6024424997025997,1.6791063362021412
19,115.9,24.8,42.2,51.4,39.3,102.6245827190813,13.275417280918703,.46870908858351207,.4852981047627892,87.89812534566445,117.35104009249815,43.937408118721045,161.31175731944157,1,,,,,,,,,103.08791413110924,12.812085868890762,.587401909477812,.6081957559589308,91.74115109399156,114.43467716822693,57.87314232485564,148.30268593736284,103.08791413110924,12.812085868890762,.587401909477812,.6081957559589308,91.74115109399156,114.43467716822693,57.87314232485564,148.30268593736284,102.6245827190813,13.275417280918703,.46870908858351207,.4852981047627892,87.89812534566445,117.35104009249815,43.937408118721045,161.31175731944157,102.6245827190813,13.275417280918703,.46870908858351207,.4852981047627892,87.89812534566445,117.35104009249815,43.937408118721045,161.31175731944157,103.08791413110924,12.812085868890762,.587401909477812,.6081957559589308,91.74115109399156,114.43467716822693,57.87314232485564,148.30268593736284,99.69582852432772,16.204171475672286,.6248874328677209,.6473984016052438,86.09348329379701,113.29817375485844,45.91227860393079,153.47937844472466,100.19885910110135,15.701140898898663,.8498945338678064,.8805179763017776,90.50261697666326,109.89510122553943,61.86378861894791,138.5339295832548,1.6084528834426606,.03020942948482385,.00011125598512441603,1.5824507617608652,.026002121681795342,1.1005485130025503,1.1407197732185679,1.5699740841740337,1.5949274393476967,1.5334050574981675,1.631496466023563,1.5723956929687897,.03605719047387083,2.001649961025308,2.096690527050558,1.561614641240376,1.5831767446972034,1.534606144807158,1.6101852411304214,1.5723956929687897,.03605719047387083,2.001649961025308,2.096690527050558,1.561614641240376,1.5831767446972034,1.534606144807158,1.6101852411304214
20,128.5,28.6,54.7,51.3,38.8,124.5543282442136,3.9456717557864134,.13930802877002846,.14104129591684522,115.67547331895275,133.43318316947443,67.05519798482675,182.05345850360044,1,,,,,,,,,121.80355368584777,6.696446314152227,.3070152192157628,.31090292007619397,114.90365814070624,128.7034492309893,77.49514459000063,166.11196278169493,121.80355368584777,6.696446314152227,.3070152192157628,.31090292007619397,114.90365814070624,128.7034492309893,77.49514459000063,166.11196278169493,124.5543282442136,3.9456717557864134,.13930802877002846,.14104129591684522,115.67547331895275,133.43318316947443,67.05519798482675,182.05345850360044,124.5543282442136,3.9456717557864134,.13930802877002846,.14104129591684522,115.67547331895275,133.43318316947443,67.05519798482675,182.05345850360044,121.80355368584777,6.696446314152227,.3070152192157628,.31090292007619397,114.90365814070624,128.7034492309893,77.49514459000063,166.11196278169493,122.72245361639153,5.777546383608463,.22280164915235143,.22562514068627765,114.51615138491509,130.928755847868,70.04428126214576,175.4006259706373,120.01510476922519,8.484895230774809,.45928293513895896,.46520285055124405,114.11709682209387,125.91311271635651,82.4605176288988,157.56969190955158,1.6251382521900135,.02651803319703181,.00011401050172456934,1.6104707844398862,.01466746775012734,.6208054873159469,.629289934075745,1.6027082090190845,1.618233359860688,1.562407584378073,1.6585339845016995,1.6085940493389281,.01654420285108546,.9184216118021618,.9313791664777272,1.6025735235328828,1.6146145751449734,1.5718780364171687,1.6453100622606875,1.6085940493389281,.01654420285108546,.9184216118021618,.9313791664777272,1.6025735235328828,1.6146145751449734,1.5718780364171687,1.6453100622606875
21,123.5,27.1,52.3,51.1,34.2,129.8684665784448,-6.368466578444807,-.22484853790229442,-.2286706320687733,119.52517271484471,140.21176044204492,72.12507177219105,187.61186138469859,1,,,,,,,,,125.2721170650426,-1.7721170650425988,-.08124710983648449,-.08267901431923437,117.16173629891661,133.3824978311686,80.75914329061777,169.78509083946741,125.2721170650426,-1.7721170650425988,-.08124710983648449,-.08267901431923437,117.16173629891661,133.3824978311686,80.75914329061777,169.78509083946741,129.8684665784448,-6.368466578444807,-.22484853790229442,-.2286706320687733,119.52517271484471,140.21176044204492,72.12507177219105,187.61186138469859,129.8684665784448,-6.368466578444807,-.22484853790229442,-.2286706320687733,119.52517271484471,140.21176044204492,72.12507177219105,187.61186138469859,125.2721170650426,-1.7721170650425988,-.08124710983648449,-.08267901431923437,117.16173629891661,133.3824978311686,80.75914329061777,169.78509083946741,130.4305571945344,-6.930557194534405,-.26726562972611584,-.27181463387739047,120.9505639950942,139.9105503939746,77.53900099384467,183.32211339522414,125.8541538060765,-2.3541538060765004,-.12742911260727888,-.1296780340388002,118.97685888101874,132.73144873113424,88.13336771906381,163.57493989308918,1.6187012264069423,.02783827263136817,.00014576757389926217,1.6171312749294626,.0015699514774796968,.06644872234545819,.0674232581768132,1.6090958789103693,1.625166670948556,1.5690232588385666,1.6652392910203586,1.6136958162049082,.005005410202034054,.2778663285781392,.28215117543098217,1.6074076570315154,1.619983975378301,1.576934969918683,1.6504566624911334,1.6136958162049082,.005005410202034054,.2778663285781392,.28215117543098217,1.6074076570315154,1.619983975378301,1.576934969918683,1.6504566624911334
22,124.3,29,58.5,52.2,41,120.30274005947894,3.997259940521068,.1411294292229854,.14366462858334383,109.6774105890481,130.92806952990978,62.508159499037866,178.09732061992,1,,,,,,,,,118.67597627082714,5.624023729172865,.25784734127376563,.26249946544717284,110.47247787746623,126.87947466418804,74.14594209207357,163.2060104495807,118.67597627082714,5.624023729172865,.25784734127376563,.26249946544717284,110.47247787746623,126.87947466418804,74.14594209207357,163.2060104495807,120.30274005947894,3.997259940521068,.1411294292229854,.14366462858334383,109.6774105890481,130.92806952990978,62.508159499037866,178.09732061992,120.30274005947894,3.997259940521068,.1411294292229854,.14366462858334383,109.6774105890481,130.92806952990978,62.508159499037866,178.09732061992,118.67597627082714,5.624023729172865,.25784734127376563,.26249946544717284,110.47247787746623,126.87947466418804,74.14594209207357,163.2060104495807,117.25891882410868,7.041081175891325,.2715278067269045,.2765813292966617,107.35735609002016,127.16048155819719,64.29017907275743,170.22765857545994,115.68630726890109,8.613692731098912,.4662546763777736,.474967049261334,108.61514883089933,122.75746570690285,77.92969461374798,153.4429199240542,1.6197467337834712,.02619124737357883,.00010267317812969292,1.6070507689999811,.01269596478349018,.5373609636395684,.5476082729317335,1.5979176965041253,1.616183841495837,1.5587472842785575,1.6553542537214048,1.605414767458073,.014331966325398257,.7956132871039456,.8111282072840567,1.5983646685369166,1.6124648663792294,1.5685159494731071,1.6423135854430388,1.605414767458073,.014331966325398257,.7956132871039456,.8111282072840567,1.5983646685369166,1.6124648663792294,1.5685159494731071,1.6423135854430388
23,128.6,26.3,52.8,51,39.2,110.99751057253806,17.602489427461933,.6214830465785277,.6309778539530567,101.17931246463306,120.81570868044307,53.345858992655494,168.64916215242062,1,,,,,,,,,110.25532446630422,18.34467553369578,.8410572288942,.8539202520796321,102.6871418363516,117.82350709625683,65.83794108556687,154.67270784704155,110.25532446630422,18.34467553369578,.8410572288942,.8539202520796321,102.6871418363516,117.82350709625683,65.83794108556687,154.67270784704155,110.99751057253806,17.602489427461933,.6214830465785277,.6309778539530567,101.17931246463306,120.81570868044307,53.345858992655494,168.64916215242062,110.99751057253806,17.602489427461933,.6214830465785277,.6309778539530567,101.17931246463306,120.81570868044307,53.345858992655494,168.64916215242062,110.25532446630422,18.34467553369578,.8410572288942,.8539202520796321,102.6871418363516,117.82350709625683,65.83794108556687,154.67270784704155,108.44435889048991,20.15564110951009,.7772694117458612,.7894956311665652,99.32227050319636,117.56644727778345,55.6157781522675,161.27293962871232,107.7437896450749,20.856210354925103,1.1289357437134602,1.1467101040991423,101.23896580246854,114.24861348768125,70.08913188857305,145.39844740157673,1.6252646778256528,.028610701294043132,.00011179795788995393,1.5942544373041259,.031010240521526997,1.31251882102036,1.3323619783127443,1.5860987704023728,1.602410104205879,1.5461261864982778,1.642382688109974,1.5877142053078657,.03755047251778718,2.0845468230859,2.1226850639895236,1.580879340527357,1.5945490700883744,1.5508559056935671,1.6245725049221642,1.5877142053078657,.03755047251778718,2.0845468230859,2.1226850639895236,1.580879340527357,1.5945490700883744,1.5508559056935671,1.6245725049221642
24,104.3,26.8,57.6,51,40.1,111.07048756443314,-6.770487564433133,-.23904250905564361,-.24242399405429366,101.61504395317424,120.52593117569204,53.479504505556605,168.66147062330967,1,,,,,,,,,110.53235298936272,-6.232352989362723,-.28573770765777456,-.2897821682132508,103.24542911304238,117.81927686568307,66.16202712116143,154.902678857564,110.53235298936272,-6.232352989362723,-.28573770765777456,-.2897821682132508,103.24542911304238,117.81927686568307,66.16202712116143,154.902678857564,111.07048756443314,-6.770487564433133,-.23904250905564361,-.24242399405429366,101.61504395317424,120.52593117569204,53.479504505556605,168.66147062330967,111.07048756443314,-6.770487564433133,-.23904250905564361,-.24242399405429366,101.61504395317424,120.52593117569204,53.479504505556605,168.66147062330967,110.53235298936272,-6.232352989362723,-.28573770765777456,-.2897821682132508,103.24542911304238,117.81927686568307,66.16202712116143,154.902678857564,108.09255163353303,-3.7925516335330407,-.14625356550038723,-.1484121257196104,99.2500843240642,116.93501894300186,55.31153540242668,160.8735678646394,107.60095494510085,-3.300954945100861,-.17867896240469458,-.18131737466014067,101.29688827487776,113.90502161532395,69.98045821634192,145.2214516738598,1.5915798451079803,.02812194364213701,.00010707343485342113,1.5953714867625315,-.0037916416545511395,-.16048250353648313,-.16272266928861578,1.5875280853963067,1.6032148881287562,1.5472951665205459,1.643447807004517,1.5897017374476212,.00187810766035907,.10425976277556305,.10594838481362334,1.5832610296534506,1.5961424452417918,1.5529144897824392,1.6264889851128033,1.5897017374476212,.00187810766035907,.10425976277556305,.10594838481362334,1.5832610296534506,1.5961424452417918,1.5529144897824392,1.6264889851128033
25,93.4,25.1,41,51.6,37.5,109.48278059064172,-16.082780590641725,-.5678273814686914,-.58263968179264,96.75452084275156,122.21104033853189,51.26487516617744,167.70068601510602,1,,,,,,,,,108.54948837083204,-15.149488370832035,-.6945659346731403,-.7127027085088629,98.73843722887634,118.36053951278774,63.69546644881086,153.4035102928532,108.54948837083204,-15.149488370832035,-.6945659346731403,-.7127027085088629,98.73843722887634,118.36053951278774,63.69546644881086,153.4035102928532,109.48278059064172,-16.082780590641725,-.5678273814686914,-.58263968179264,96.75452084275156,122.21104033853189,51.26487516617744,167.70068601510602,109.48278059064172,-16.082780590641725,-.5678273814686914,-.58263968179264,96.75452084275156,122.21104033853189,51.26487516617744,167.70068601510602,108.54948837083204,-15.149488370832035,-.6945659346731403,-.7127027085088629,98.73843722887634,118.36053951278774,63.69546644881086,153.4035102928532,107.67804702753102,-14.278047027531013,-.550609586352102,-.5651010819821745,95.96952070068163,119.38657335438042,54.341980102646005,161.01411395241604,106.77667151922974,-13.376671519229728,-.7240722237156638,-.7431471919406686,98.42747940795236,115.12586363050711,68.75997089375514,144.79337214470434,1.5741085853928072,.029872564476071378,.00012172973940720854,1.5902160135391168,-.016107428146309537,-.6817522935879287,-.7001315438765167,1.5794192574350079,1.6010127696432257,1.54157052489536,1.6388615021828736,1.5813338377304145,-.007225252337607259,-.4010968650053285,-.4147491193141527,1.5721175136045036,1.5905501618563254,1.5439605918948787,1.6187070835659503,1.5813338377304145,-.007225252337607259,-.4010968650053285,-.4147491193141527,1.5721175136045036,1.5905501618563254,1.5439605918948787,1.6187070835659503
26,121.3,29.4,48.8,51.8,36.8,134.6888590239365,-13.388859023936478,-.47271432434010197,-.483399855766709,122.81020684189443,146.56751120597855,76.65078278545285,192.72693526242014,1,,,,,,,,,130.03142689242242,-8.73142689242243,-.40031395992500457,-.40962430436469766,120.75291047657193,139.3099433082729,85.29087006810146,174.77198371674336,130.03142689242242,-8.73142689242243,-.40031395992500457,-.40962430436469766,120.75291047657193,139.3099433082729,85.29087006810146,174.77198371674336,134.6888590239365,-13.388859023936478,-.47271432434010197,-.483399855766709,122.81020684189443,146.56751120597855,76.65078278545285,192.72693526242014,134.6888590239365,-13.388859023936478,-.47271432434010197,-.483399855766709,122.81020684189443,146.56751120597855,76.65078278545285,192.72693526242014,130.03142689242242,-8.73142689242243,-.40031395992500457,-.40962430436469766,120.75291047657193,139.3099433082729,85.29087006810146,174.77198371674336,134.20441748790086,-12.904417487900853,-.4976378044859669,-.5088949920687558,123.32021238145597,145.08862259434574,81.04322518497702,187.3656097908247,129.58250324033855,-8.282503240338555,-.44832756269322394,-.4587611899769286,121.7175575034888,137.4474489771883,91.66920888361541,167.4957975970617,1.6157943310265896,.025874176715569658,.00012625346835399613,1.6213509831603967,-.005556652133806963,-.2351871634927085,-.23983786711881502,1.6120554758407477,1.6306464904800457,1.5730165225825863,1.6696854437382072,1.6213915518983355,-.0055972208717458465,-.31071963157803323,-.3174692310209307,1.613962739112448,1.628820364684223,1.5844185058607514,1.6583645979359196,1.6213915518983355,-.0055972208717458465,-.31071963157803323,-.3174692310209307,1.613962739112448,1.628820364684223,1.5844185058607514,1.6583645979359196
27,111.2,27.1,59.2,50,34.7,128.41239570741416,-17.212395707414164,-.6077101859507458,-.6168424583017581,118.6731653465058,138.15162606832254,70.77413997543572,186.0506514393926,1,,,,,,,,,124.14063049968198,-12.940630499681976,-.5932953574575216,-.6025296750422057,116.50731510314918,131.77394589621477,79.71210292995454,168.5691580694094,124.14063049968198,-12.940630499681976,-.5932953574575216,-.6025296750422057,116.50731510314918,131.77394589621477,79.71210292995454,168.5691580694094,128.41239570741416,-17.212395707414164,-.6077101859507458,-.6168424583017581,118.6731653465058,138.15162606832254,70.77413997543572,186.0506514393926,128.41239570741416,-17.212395707414164,-.6077101859507458,-.6168424583017581,118.6731653465058,138.15162606832254,70.77413997543572,186.0506514393926,124.14063049968198,-12.940630499681976,-.5932953574575216,-.6025296750422057,116.50731510314918,131.77394589621477,79.71210292995454,168.5691580694094,128.67985145577853,-17.47985145577854,-.6740819497935713,-.6842149528845676,119.7576944921514,137.60200841940565,75.88542626568021,181.47427664587684,124.43032619109513,-13.230326191095125,-.7161506277476019,-.7273014132268045,117.96069789810527,130.899954484085,86.78173248846927,162.07891989372098,1.6018080751333734,.02783827263136817,.000141642896071953,1.615029780394367,-.013221705260993534,-.5596131055156163,-.5668158726953039,1.60749218427305,1.6225673765156838,1.5670024030111873,1.6630571577775466,1.611422205212658,-.009614130079284662,-.5337111085356974,-.54094358817433,1.6055193376364374,1.6173250727888788,1.5747253018077119,1.6481191086176044,1.611422205212658,-.009614130079284662,-.5337111085356974,-.54094358817433,1.6055193376364374,1.6173250727888788,1.5747253018077119,1.6481191086176044
28,108.1,28.6,59.3,51.2,34.7,136.4941093866648,-28.39410938666482,-1.002497838685129,-1.0243958616685562,124.81066583553468,148.17755293779493,78.49567174378902,194.4925470295406,1,,,,,,,,,131.08174352180484,-22.981743521804844,-1.053655132035597,-1.0775979779147022,121.90678611141558,140.2567009321941,86.36254852062507,175.8009385229846,131.08174352180484,-22.981743521804844,-1.053655132035597,-1.0775979779147022,121.90678611141558,140.2567009321941,86.36254852062507,175.8009385229846,136.4941093866648,-28.39410938666482,-1.002497838685129,-1.0243958616685562,124.81066583553468,148.17755293779493,78.49567174378902,194.4925470295406,136.4941093866648,-28.39410938666482,-1.002497838685129,-1.0243958616685562,124.81066583553468,148.17755293779493,78.49567174378902,194.4925470295406,131.08174352180484,-22.981743521804844,-1.053655132035597,-1.0775979779147022,121.90678611141558,140.2567009321941,86.36254852062507,175.8009385229846,137.07824067418957,-28.978240674189582,-1.1174985682608634,-1.1419355466706071,126.37098978551705,147.7854915628621,83.9529955654631,190.20348578291606,131.69049121207243,-23.590491212072425,-1.2769409345153524,-1.305992159107708,123.91123488674823,139.46974753739664,93.79488003464132,169.58610238950354,1.5972855742909726,.02651803319703181,.000141642896071953,1.6245492963004151,-.027263722009442604,-1.153946169608696,-1.1750498021194218,1.6156001836717693,1.633498408929061,1.5762802561208296,1.6728183364800007,1.6238256184846296,-.02654004419365694,-1.4733227333488466,-1.5030041161081107,1.6166632090528925,1.6309880279163667,1.586905177225655,1.6607460597436041,1.6238256184846296,-.02654004419365694,-1.4733227333488466,-1.5030041161081107,1.6166632090528925,1.6309880279163667,1.586905177225655,1.6607460597436041
29,189.5,27.8,65.2,49.3,44,105.10094388989458,84.39905611010542,2.979838887892089,3.0679495249047917,91.58379820524354,118.61808957454562,46.70548907308382,163.49639870670535,0,,,,,,,,,106.33416646096514,83.16583353903486,3.8129442718426305,3.925866934876813,95.9122513582795,116.75608156365077,61.34257977546723,151.32575314646306,106.33416646096514,83.16583353903486,3.8129442718426305,3.925866934876813,95.9122513582795,116.75608156365077,61.34257977546723,151.32575314646306,105.10094388989458,84.39905611010542,2.979838887892089,3.0679495249047917,91.58379820524354,118.61808957454562,46.70548907308382,163.49639870670535,105.10094388989458,84.39905611010542,2.979838887892089,3.0679495249047917,91.58379820524354,118.61808957454562,46.70548907308382,163.49639870670535,106.33416646096514,83.16583353903486,3.8129442718426305,3.925866934876813,95.9122513582795,116.75608156365077,61.34257977546723,151.32575314646306,,,,,,,,,,,,,,,,,1.6895106021188941,.027202632642843578,8.998906884930775e-05,,,,,,,,,,,,,,,,,,,,,,,,
30,265.7,28,57.6,51.1,34.1,135.00870896020132,130.69129103979867,4.614257662326937,4.707679732577229,123.74732763164782,146.27009028875483,77.09381773843349,192.92360018196914,0,,,,,,,,,,,,,,,,,,,,,,,,,135.00870896020132,130.69129103979867,4.614257662326937,4.707679732577229,123.74732763164782,146.27009028875483,77.09381773843349,192.92360018196914,135.00870896020132,130.69129103979867,4.614257662326937,4.707679732577229,123.74732763164782,146.27009028875483,77.09381773843349,192.92360018196914,,,,,,,,,135.8197318733322,129.8802681266678,5.008620616715455,5.110258807099236,125.4933601442045,146.14610360245987,82.76994017385974,188.86952357280464,,,,,,,,,1.7475884085247146,.02702744899167808,.00014661628809428085,,,,,,,,,,,,,,,,,,,,,,,,
31,120.7,30.1,52.5,51.6,41.7,124.19083087148651,-3.490830871486505,-.12324916961558573,-.12709667400741284,110.3185999676308,138.06306177534222,65.71216205924357,182.66949968372947,1,,,,,,,,,122.18204462887903,-1.4820446288790246,-.06794801828862897,-.07007762836731889,111.47410359143281,132.88998566632526,77.12334336782945,167.2407458899286,122.18204462887903,-1.4820446288790246,-.06794801828862897,-.07007762836731889,111.47410359143281,132.88998566632526,77.12334336782945,167.2407458899286,124.19083087148651,-3.490830871486505,-.12324916961558573,-.12709667400741284,110.3185999676308,138.06306177534222,65.71216205924357,182.66949968372947,124.19083087148651,-3.490830871486505,-.12324916961558573,-.12709667400741284,110.3185999676308,138.06306177534222,65.71216205924357,182.66949968372947,122.18204462887903,-1.4820446288790246,-.06794801828862897,-.07007762836731889,111.47410359143281,132.88998566632526,77.12334336782945,167.2407458899286,120.96674955001856,-.26674955001855316,-.010286761145422757,-.010615659138877017,108.11453661480196,133.81896248523515,67.36800121014186,174.56549788989528,119.0170696233105,1.6829303766894914,.09109613990718438,.09401958908324262,109.84027659067559,128.19386265594542,80.81008010699607,157.22405913962496,1.614993307673068,.025341385257421103,9.945572093053802e-05,1.611539382420188,.003453925252880047,.14618854367335743,.1505345387608556,1.6002243084776693,1.6228544563627068,1.5627762352561367,1.6603025295842393,1.6116255384841314,.003367769188936669,.18695563845059732,.1927508557782273,1.6028110016135266,1.620440075354736,1.5743493405270863,1.6489017364411764,1.6116255384841314,.003367769188936669,.18695563845059732,.1927508557782273,1.6028110016135266,1.620440075354736,1.5743493405270863,1.6489017364411764
32,90,23.9,55.2,50.7,41.7,90.78641433058381,-.7864143305838167,-.02776557123117754,-.029722561810717994,70.5134166358069,111.05941202536071,30.468006266921055,151.10482239424655,1,,,,,,,,,93.49211080410453,-3.492110804104533,-.16010449628813597,-.1714295330305521,77.84790039701896,109.1363212111901,47.012353088167046,139.97186852004202,93.49211080410453,-3.492110804104533,-.16010449628813597,-.1714295330305521,77.84790039701896,109.1363212111901,47.012353088167046,139.97186852004202,90.78641433058381,-.7864143305838167,-.02776557123117754,-.029722561810717994,70.5134166358069,111.05941202536071,30.468006266921055,151.10482239424655,90.78641433058381,-.7864143305838167,-.02776557123117754,-.029722561810717994,70.5134166358069,111.05941202536071,30.468006266921055,151.10482239424655,93.49211080410453,-3.492110804104533,-.16010449628813597,-.1714295330305521,77.84790039701896,109.1363212111901,47.012353088167046,139.97186852004202,86.25340744725294,3.7465925527470674,.14448122854058498,.15490637250339143,67.48684928066798,105.0199656138379,30.937675944459773,141.5691389500461,89.00838753660436,.9916124633956431,.053675463317080487,.057562755387662874,75.61011290073394,102.40666217247478,49.57395739295764,128.44281768025107,1.5682823361402,.0312772905600105,9.945572093053802e-05,1.5687388543680925,-.0004565182278924133,-.019322286966194396,-.020699351844162273,1.5517274111690234,1.5857502975671616,1.518348351069024,1.6191293576671608,1.5558587702022004,.012423565937999564,.6896718781684537,.7556243187520298,1.5410600255548292,1.5706575148495716,1.5167330533777428,1.594984487026658,1.5558587702022004,.012423565937999564,.6896718781684537,.7556243187520298,1.5410600255548292,1.5706575148495716,1.5167330533777428,1.594984487026658
33,119,30.3,52.7,52.2,41.7,125.2683926953866,-6.2683926953865905,-.2213152750656792,-.22886980003268517,110.79296592824204,139.74381946253115,66.64370595086683,183.89307943990636,1,,,,,,,,,123.10752636516207,-4.107526365162072,-.1883197517419971,-.19477534051960127,111.93265132157217,134.28240140875198,77.93558385312332,168.27946887720083,123.10752636516207,-4.107526365162072,-.1883197517419971,-.19477534051960127,111.93265132157217,134.28240140875198,77.93558385312332,168.27946887720083,125.2683926953866,-6.2683926953865905,-.2213152750656792,-.22886980003268517,110.79296592824204,139.74381946253115,66.64370595086683,183.89307943990636,125.2683926953866,-6.2683926953865905,-.2213152750656792,-.22886980003268517,110.79296592824204,139.74381946253115,66.64370595086683,183.89307943990636,123.10752636516207,-4.107526365162072,-.1883197517419971,-.19477534051960127,111.93265132157217,134.28240140875198,77.93558385312332,168.27946887720083,122.08653477914002,-3.086534779140023,-.11902717750731076,-.12317847821935918,108.69145266451018,135.48161689376988,68.35502939238425,175.8180401658958,119.98509162610748,-.9850916261074801,-.053322493809760174,-.055189650355144074,110.41950197223686,129.55068127997808,81.68285901543345,158.2873242367815,1.612704122561278,.025194075236800176,9.945572093053802e-05,1.6126015534536764,.00010256910760153147,.004341271848208272,.004479669148497397,1.6009025572774178,1.624300549629935,1.5637478930529412,1.6614552138544116,1.6130094897715601,-.00030536721028217,-.01695191046575445,-.01751862017184483,1.6038716960317092,1.622147283511411,1.5756555321723764,1.6503634473707438,1.6130094897715601,-.00030536721028217,-.01695191046575445,-.01751862017184483,1.6038716960317092,1.622147283511411,1.5756555321723764,1.6503634473707438
34,172.4,26.5,38.5,51,29.4,140.61406146863868,31.785938531361314,1.1222515995952846,1.1802841049332435,123.01971952755896,158.2084034097184,81.1424145758399,200.08570836143747,1,,,,,,,,,133.3579428836554,39.0420571163446,1.789980112119568,1.885632251752461,119.59502168022384,147.12086408708697,87.47717830716918,179.2387074601416,133.3579428836554,39.0420571163446,1.789980112119568,1.885632251752461,119.59502168022384,147.12086408708697,87.47717830716918,179.2387074601416,140.61406146863868,31.785938531361314,1.1222515995952846,1.1802841049332435,123.01971952755896,158.2084034097184,81.1424145758399,200.08570836143747,140.61406146863868,31.785938531361314,1.1222515995952846,1.1802841049332435,123.01971952755896,158.2084034097184,81.1424145758399,200.08570836143747,133.3579428836554,39.0420571163446,1.789980112119568,1.885632251752461,119.59502168022384,147.12086408708697,87.47717830716918,179.2387074601416,143.87797659922626,28.52202340077374,1.0999052935141267,1.1576859338556926,127.64421922769795,160.11173397075459,89.36943300588726,198.38652019256526,136.61883290150675,35.78116709849325,1.9368158357558016,2.041958287313322,124.87102932092922,148.3666364820843,97.71418785102756,175.52347795198594,1.6736079344467751,.028412741071270474,.00019801066999263942,1.639606593387484,.034001341059291285,1.43911815354261,1.546831187191552,1.6222163484974375,1.6569968382775304,1.5890869512633157,1.6901262355116522,1.6370963044356632,.03651163001111193,2.026877353122487,2.1874386949146087,1.623476054014206,1.6507165548571205,1.598400954644858,1.6757916542264684,1.6370963044356632,.03651163001111193,2.026877353122487,2.1874386949146087,1.623476054014206,1.6507165548571205,1.598400954644858,1.6757916542264684
35,93.8,26.4,50.3,49.5,38.9,112.40993400710649,-18.609934007106492,-.6570524317610418,-.6661743596349059,103.0409329818794,121.77893503233358,54.8330801853422,169.98678782887077,1,,,,,,,,,111.39695727366211,-17.59695727366211,-.8067762274874218,-.8180010527220459,104.17111837130146,118.62279617602276,67.0366224472211,155.75729210010311,111.39695727366211,-17.59695727366211,-.8067762274874218,-.8180010527220459,104.17111837130146,118.62279617602276,67.0366224472211,155.75729210010311,112.40993400710649,-18.609934007106492,-.6570524317610418,-.6661743596349059,103.0409329818794,121.77893503233358,54.8330801853422,169.98678782887077,112.40993400710649,-18.609934007106492,-.6570524317610418,-.6661743596349059,103.0409329818794,121.77893503233358,54.8330801853422,169.98678782887077,111.39695727366211,-17.59695727366211,-.8067762274874218,-.8180010527220459,104.17111837130146,118.62279617602276,67.0366224472211,155.75729210010311,110.05467494830415,-16.254674948304164,-.6268350168840477,-.6357775509947502,101.35794178292332,118.75140811368499,57.29787809691141,162.8114717996969,109.0820972154622,-15.282097215462207,-.8272119187446304,-.8390363108936805,102.87743194011013,115.28676249081427,71.4781294897673,146.6860649411571,1.5747814261526236,.028511304644133293,.00011345056734788984,1.5958131245104452,-.021031698357821517,-.8901736803202469,-.9025384607605911,1.5879886345526664,1.603637614468224,1.5477398859455467,1.6438863630753437,1.589558972871545,-.014777546718921265,-.8203488798000902,-.8339800560727362,1.583037302074748,1.596080643668342,1.552757463882492,1.626360481860598,1.589558972871545,-.014777546718921265,-.8203488798000902,-.8339800560727362,1.583037302074748,1.596080643668342,1.552757463882492,1.626360481860598
36,121.6,27.7,53.2,51.5,38.1,121.74379925610607,-.14379925610607558,-.005077054592125139,-.005123560870739041,114.10688662373252,129.38071188847962,64.42331120552669,179.06428730668546,1,,,,,,,,,119.2229670640789,2.377032935921089,.10898098090663069,.10999927837262809,113.28133981023042,125.16459431792738,75.0536395562397,163.39229457191811,119.2229670640789,2.377032935921089,.10898098090663069,.10999927837262809,113.28133981023042,125.16459431792738,75.0536395562397,163.39229457191811,121.74379925610607,-.14379925610607558,-.005077054592125139,-.005123560870739041,114.10688662373252,129.38071188847962,64.42331120552669,179.06428730668546,121.74379925610607,-.14379925610607558,-.005077054592125139,-.005123560870739041,114.10688662373252,129.38071188847962,64.42331120552669,179.06428730668546,119.2229670640789,2.377032935921089,.10898098090663069,.10999927837262809,113.28133981023042,125.16459431792738,75.0536395562397,163.39229457191811,120.1344081196031,1.4655918803968997,.0565181594843002,.05704583620280838,113.07324367193812,127.19557256726807,67.62244291522082,172.6463733239854,117.65236441761272,3.9476355823872815,.21368344662191666,.21571703503085007,112.57172701526216,122.73300181996328,80.21744230002166,155.08728653520376,1.6161935063412427,.027291269706302617,.00011806233143833734,1.6069597828310092,.00923372351023361,.39082044161723306,.3947142481667013,1.6003137828237337,1.6136057828382846,1.5590642408765123,1.654855324785506,1.6035630862274013,.012630420113841457,.7011550150288225,.708470185002388,1.5983717471323229,1.6087544253224797,1.566973895535482,1.6401522769193206,1.6035630862274013,.012630420113841457,.7011550150288225,.708470185002388,1.5983717471323229,1.6087544253224797,1.566973895535482,1.6401522769193206
37,108.4,29.4,51.6,51.3,39.8,125.95243379775263,-17.55243379775263,-.6197157553451861,-.6318042879124639,114.89272052415419,137.01214707135108,68.07641826889719,183.82844932660808,1,,,,,,,,,123.24250750025871,-14.842507500258707,-.6804916339391923,-.6939146711155642,114.67543739192847,131.80957760858897,78.64406303958125,167.84095196093617,123.24250750025871,-14.842507500258707,-.6804916339391923,-.6939146711155642,114.67543739192847,131.80957760858897,78.64406303958125,167.84095196093617,125.95243379775263,-17.55243379775263,-.6197157553451861,-.6318042879124639,114.89272052415419,137.01214707135108,68.07641826889719,183.82844932660808,125.95243379775263,-17.55243379775263,-.6197157553451861,-.6318042879124639,114.89272052415419,137.01214707135108,68.07641826889719,183.82844932660808,123.24250750025871,-14.842507500258707,-.6804916339391923,-.6939146711155642,114.67543739192847,131.80957760858897,78.64406303958125,167.84095196093617,123.70018305536568,-15.300183055365677,-.5900265944622752,-.6017461224682887,113.48056988655624,133.91979622417514,70.67106898027113,176.72929713046025,121.03953755045032,-12.639537550450317,-.6841715480368762,-.6979073806111225,113.71743213779285,128.36164296310778,83.23512318902935,158.8439519118713,1.5977283016674773,.025874176715569658,.00010861066584513805,1.612362098547238,-.014633796879760665,-.6193803564452036,-.6319059877633159,1.6029648878334346,1.6217593092610414,1.5640079757424774,1.6607162213519986,1.611666460291749,-.013938158624271783,-.7737517621417471,-.7900649039162165,1.6043443563218907,1.6189885642616073,1.5747147068768572,1.6486182137066407,1.611666460291749,-.013938158624271783,-.7737517621417471,-.7900649039162165,1.6043443563218907,1.6189885642616073,1.5747147068768572,1.6486182137066407
38,157,29,60,51,29,155.24844096421427,1.7515590357857205,.06184149408571558,.06674220348431677,133.8814862505867,176.61539567784183,94.55360865094136,215.94327327748718,1,,,,,,,,,145.831653839482,11.168346160518007,.5120405785233348,.5542301598182425,129.0821625012841,162.58114517767987,98.96832043094764,192.69498724801633,145.831653839482,11.168346160518007,.5120405785233348,.5542301598182425,129.0821625012841,162.58114517767987,98.96832043094764,192.69498724801633,155.24844096421427,1.7515590357857205,.06184149408571558,.06674220348431677,133.8814862505867,176.61539567784183,94.55360865094136,215.94327327748718,155.24844096421427,1.7515590357857205,.06184149408571558,.06674220348431677,133.8814862505867,176.61539567784183,94.55360865094136,215.94327327748718,145.831653839482,11.168346160518007,.5120405785233348,.5542301598182425,129.0821625012841,162.58114517767987,98.96832043094764,192.69498724801633,159.27585655424934,-2.2758565542493385,-.08776469453530286,-.09483844442987614,139.55660054508297,178.99511256341572,103.62969313012519,214.9220199783735,149.858170028454,7.141829971545997,.38658351604602015,.41897910622883533,135.5580367025957,164.1583033543123,110.10827278741364,189.60806726949434,1.6580207646264504,.02619124737357883,.00020371879205717286,1.6585328033198612,-.0005120386934106954,-.021672209273116538,-.02400363420982317,1.638141251475626,1.6789243551640964,1.6069030734190144,1.710162533220708,1.6611132797208004,-.003092515094350004,-.17167540334462825,-.19311769602605489,1.6445260529123429,1.6777005065292578,1.6212766763630244,1.7009498830785763,1.6611132797208004,-.003092515094350004,-.17167540334462825,-.19311769602605489,1.6445260529123429,1.6777005065292578,1.6212766763630244,1.7009498830785763
39,107.3,30.7,50.2,52,44.7,118.68709111700292,-11.387091117002921,-.40203882003312,-.42357164034393613,100.8044394711102,136.56974276289563,59.12951271013302,178.24466952387283,1,,,,,,,,,118.16957044556445,-10.869570445564449,-.4983424635352471,-.5250376059043902,104.39114432720368,131.94799656392522,72.28415245280544,164.05498843832345,118.16957044556445,-10.869570445564449,-.4983424635352471,-.5250376059043902,104.39114432720368,131.94799656392522,72.28415245280544,164.05498843832345,118.68709111700292,-11.387091117002921,-.40203882003312,-.42357164034393613,100.8044394711102,136.56974276289563,59.12951271013302,178.24466952387283,118.68709111700292,-11.387091117002921,-.40203882003312,-.42357164034393613,100.8044394711102,136.56974276289563,59.12951271013302,178.24466952387283,118.16957044556445,-10.869570445564449,-.4983424635352471,-.5250376059043902,104.39114432720368,131.94799656392522,72.28415245280544,164.05498843832345,113.82187080484779,-6.521870804847794,-.251505305955002,-.26543791234891323,97.18503885284447,130.45870275685112,59.19192824887866,168.4518133608169,113.37816994181318,-6.078169941813191,-.3290081556958057,-.3472363453428969,101.51943623809682,125.23690364552955,74.43988437873783,152.31645550488855,1.5960995391378265,.024905702252102986,8.740494882885218e-05,1.6085410672626073,-.012441528124780759,-.5265918468027667,-.5492856957569154,1.5950480062933199,1.6220341282318946,1.5592270092533624,1.657855125271852,1.60907605800568,-.012976518867853516,-.7203680637543234,-.7525054914002964,1.5986043975374562,1.6195477184739038,1.5713736105141536,1.6467785054972064,1.60907605800568,-.012976518867853516,-.7203680637543234,-.7525054914002964,1.5986043975374562,1.6195477184739038,1.5713736105141536,1.6467785054972064
40,123.9,29.2,46.4,50.9,40.2,123.71001527702802,.18998472297197877,.006707703755344767,.0068284800055562435,113.07261285162133,134.3474177024347,65.9132139281458,181.50681662591026,1,,,,,,,,,121.41183651168716,2.4881634883128454,.11407603719522032,.11614792551155986,113.18178789927576,129.64188512409854,76.87690350136658,165.9467695220077,121.41183651168716,2.4881634883128454,.11407603719522032,.11614792551155986,113.18178789927576,129.64188512409854,76.87690350136658,165.9467695220077,123.71001527702802,.18998472297197877,.006707703755344767,.0068284800055562435,113.07261285162133,134.3474177024347,65.9132139281458,181.50681662591026,123.71001527702802,.18998472297197877,.006707703755344767,.0068284800055562435,113.07261285162133,134.3474177024347,65.9132139281458,181.50681662591026,121.41183651168716,2.4881634883128454,.11407603719522032,.11614792551155986,113.18178789927576,129.64188512409854,76.87690350136658,165.9467695220077,121.17983323523951,2.720166764760499,.10489879282968767,.10683450442999394,111.31932399209173,131.04034247838732,68.2187523474452,174.1409141230338,118.93245345566824,4.967546544331765,.26889069284497774,.27389342770976594,111.87617761036299,125.98872930097349,81.17862522142181,156.68628168991467,1.6192247395450428,.02603152548361057,.00010656908163053721,1.6101873707684218,.009037368776620952,.3825096617223095,.38983985331406035,1.6010325122230025,1.619342229313841,1.5618797620716036,1.65849497946524,1.609062831708097,.01016190783694576,.564120003761947,.5752772644070266,1.6019641761585508,1.6161614872576433,1.5721547054416412,1.645970957974553,1.609062831708097,.01016190783694576,.564120003761947,.5752772644070266,1.6019641761585508,1.6161614872576433,1.5721547054416412,1.645970957974553
41,103.6,24.8,37.8,50.9,34.3,117.1852914293877,-13.585291429387706,-.47964967347294213,-.495352890633995,102.9946104942758,131.3759723644996,58.63026311239126,175.74031974638413,1,,,,,,,,,114.40277978471543,-10.80277978471544,-.49528027974101774,-.5116140530704577,103.43173040089427,125.3738291685366,69.2808285563684,159.52473101306248,114.40277978471543,-10.80277978471544,-.49528027974101774,-.5116140530704577,103.43173040089427,125.3738291685366,69.2808285563684,159.52473101306248,117.1852914293877,-13.585291429387706,-.47964967347294213,-.495352890633995,102.9946104942758,131.3759723644996,58.63026311239126,175.74031974638413,117.1852914293877,-13.585291429387706,-.47964967347294213,-.495352890633995,102.9946104942758,131.3759723644996,58.63026311239126,175.74031974638413,114.40277978471543,-10.80277978471544,-.49528027974101774,-.5116140530704577,103.43173040089427,125.3738291685366,69.2808285563684,159.52473101306248,117.20288591188633,-13.602885911886336,-.5245730995770319,-.5417470734922933,104.20482356240932,130.20094826136335,63.56897806330438,170.83679376046828,114.43713525091506,-10.837135250915063,-.5866084555157953,-.6059541789621964,105.14034243730926,123.73392806452087,76.20114599792127,152.67312450390887,1.5905084309057405,.03020942948482385,.00014492692333747893,1.5996058695314168,-.00909743862567635,-.3850521382118527,-.3980173030759238,1.587598151576039,1.6116135874867947,1.5506773613433047,1.648534377719529,1.590955837165685,-.00044740625994442375,-.024836952380668804,-.02581503161498884,1.5810805547167506,1.6008311196146192,1.553414658743374,1.6284970155879959,1.590955837165685,-.00044740625994442375,-.024836952380668804,-.02581503161498884,1.5810805547167506,1.6008311196146192,1.553414658743374,1.6284970155879959
42,92.7,27.4,53.3,50.3,38.5,118.96259982343143,-26.262599823431426,-.9272416050354231,-.9358248231390817,111.28606148545981,126.63913816140305,61.63681891591605,176.2883807309468,1,,,,,,,,,116.92955520736584,-24.229555207365834,-1.1108641590642858,-1.1212798912360482,110.97776791096872,122.88134250376295,72.75885983031026,161.10025058442142,116.92955520736584,-24.229555207365834,-1.1108641590642858,-1.1212798912360482,110.97776791096872,122.88134250376295,72.75885983031026,161.10025058442142,118.96259982343143,-26.262599823431426,-.9272416050354231,-.9358248231390817,111.28606148545981,126.63913816140305,61.63681891591605,176.2883807309468,118.96259982343143,-26.262599823431426,-.9272416050354231,-.9358248231390817,111.28606148545981,126.63913816140305,61.63681891591605,176.2883807309468,116.92955520736584,-24.229555207365834,-1.1108641590642858,-1.1212798912360482,110.97776791096872,122.88134250376295,72.75885983031026,161.10025058442142,117.0541656849162,-24.354165684916197,-.939178661329923,-.9481053214696344,109.93051655072185,124.17781481911055,64.53376180931376,169.57456956051865,115.06126932143216,-22.361269321432154,-1.2104037973421489,-1.2220492276989707,109.9532662198486,120.16927242301573,77.62262333601048,152.49991530685386,1.5729248488590317,.02756146479450946,.00011571822231693073,1.60381724836321,-.03089239950417832,-1.307531160474775,-1.3207288407512923,1.597128535174823,1.610505961551597,1.555915760837928,1.6517187358884922,1.5997325284308561,-.02680767957182441,-1.4881800291402678,-1.5043039236237408,1.5944437881764622,1.60502126868525,1.563129391306178,1.6363356655555343,1.5997325284308561,-.02680767957182441,-1.4881800291402678,-1.5043039236237408,1.5944437881764622,1.60502126868525,1.563129391306178,1.6363356655555343
43,99.8,28.1,41.8,51.6,41.6,113.70642680669178,-13.90642680669178,-.4909878534203599,-.4989404972177718,103.60390885578985,123.80894475759371,56.00567477736029,171.40717883602326,1,,,,,,,,,113.15352457912067,-13.353524579120679,-.6122255124031172,-.6221473940995099,105.36809912078218,120.93895003745916,68.69861025417308,157.60843890406827,113.15352457912067,-13.353524579120679,-.6122255124031172,-.6221473940995099,105.36809912078218,120.93895003745916,68.69861025417308,157.60843890406827,113.70642680669178,-13.90642680669178,-.4909878534203599,-.4989404972177718,103.60390885578985,123.80894475759371,56.00567477736029,171.40717883602326,113.70642680669178,-13.90642680669178,-.4909878534203599,-.4989404972177718,103.60390885578985,123.80894475759371,56.00567477736029,171.40717883602326,113.15352457912067,-13.353524579120679,-.6122255124031172,-.6221473940995099,105.36809912078218,120.93895003745916,68.69861025417308,157.60843890406827,110.11903840655502,-10.319038406555023,-.3979368787362242,-.4047386928670896,100.61947478093353,119.61860203217651,57.22397100564779,163.01410580746224,109.62161511833706,-9.82161511833707,-.5316388825867805,-.5407299652818661,102.84926640051934,116.39396383615478,71.91982173006876,147.32340850660538,1.5845759281799663,.026940885726031105,9.990494664679274e-05,1.6002351471101584,-.015659218930192165,-.6627816883293062,-.6735187158508461,1.5917995139439485,1.6086707802763682,1.5520586639473837,1.648411630272933,1.596846140621305,-.01227021244133877,-.6811587351148757,-.692634301954168,1.5902804461299758,1.6034118351126343,1.5600368046038893,1.6336554766387208,1.596846140621305,-.01227021244133877,-.6811587351148757,-.692634301954168,1.5902804461299758,1.6034118351126343,1.5600368046038893,1.6336554766387208
44,106.4,26.4,47.4,51,42,103.38229460671651,3.017705393283485,.10654474466369229,.1092569597490392,90.80285984171796,115.96172937171507,45.196745758149646,161.56784345528337,1,,,,,,,,,104.38174056842627,2.0182594315737403,.09253211819369883,.09489042943479116,94.6845821254146,114.07889901143794,59.55249297335773,149.21098816349482,104.38174056842627,2.0182594315737403,.09253211819369883,.09489042943479116,94.6845821254146,114.07889901143794,59.55249297335773,149.21098816349482,103.38229460671651,3.017705393283485,.10654474466369229,.1092569597490392,90.80285984171796,115.96172937171507,45.196745758149646,161.56784345528337,103.38229460671651,3.017705393283485,.10654474466369229,.1092569597490392,90.80285984171796,115.96172937171507,45.196745758149646,161.56784345528337,104.38174056842627,2.0182594315737403,.09253211819369883,.09489042943479116,94.6845821254146,114.07889901143794,59.55249297335773,149.21098816349482,99.20029936801781,7.199700631982189,.2776447072341785,.2850598272192687,87.4090653475084,110.99153338852722,45.84601513520567,152.55458360082994,100.2543660025777,6.14563399742231,.3326599496937034,.34155576442741253,91.8448590940854,108.66387291107,62.22437357581111,138.28435842934428,1.5947556989303637,.028511304644133293,9.812815362375783e-05,1.5880064617712262,.006749237159137587,.28566372430257636,.291700425259368,1.5784066891420487,1.5976062344004036,1.539612564867276,1.6364003586751763,1.5811129293914126,.013642769538951072,.7573537693045634,.7767055847177329,1.573078362927806,1.5891474958550191,1.5440134262660652,1.61821243251676,1.5811129293914126,.013642769538951072,.7573537693045634,.7767055847177329,1.573078362927806,1.5891474958550191,1.5440134262660652,1.61821243251676
45,65.5,23.1,67.3,50.6,36.6,101.32808991949601,-35.828089919496016,-1.2649659906353592,-1.3522140437286159,81.25242356447971,121.4037562745123,41.075718220117736,161.5804616188743,1,,,,,,,,,101.33134682565067,-35.83134682565068,-1.6427771215344793,-1.7560838090963156,85.86439776367475,116.7982958876266,54.91095183210453,147.7517418191968,101.33134682565067,-35.83134682565068,-1.6427771215344793,-1.7560838090963156,85.86439776367475,116.7982958876266,54.91095183210453,147.7517418191968,101.32808991949601,-35.828089919496016,-1.2649659906353592,-1.3522140437286159,81.25242356447971,121.4037562745123,41.075718220117736,161.5804616188743,101.32808991949601,-35.828089919496016,-1.2649659906353592,-1.3522140437286159,81.25242356447971,121.4037562745123,41.075718220117736,161.5804616188743,101.33134682565067,-35.83134682565068,-1.6427771215344793,-1.7560838090963156,85.86439776367475,116.7982958876266,54.91095183210453,147.7517418191968,99.63146506607686,-34.13146506607685,-1.3162242584988555,-1.4073142982980769,81.21496548887052,118.0479646432832,44.43351308462623,154.82941704752747,99.65934119822647,-34.15934119822648,-1.8490272491557889,-1.9769902694751789,86.53277789231582,112.78590450413712,60.31639797126359,139.00228442518934,1.519232106729504,.03230580072273645,.00012759738022734678,1.575660815583212,-.05642870885370781,-2.3883640104292456,-2.601160563284545,1.5568711960051915,1.5944504351612323,1.5246425499628973,1.6266790812035266,1.5617083881634504,-.042476281433946224,-2.3579942297049157,-2.63181487065288,1.5456220698669065,1.5777947064599942,1.522077737017812,1.6013390393090887,1.5617083881634504,-.042476281433946224,-2.3579942297049157,-2.63181487065288,1.5456220698669065,1.5777947064599942,1.522077737017812,1.6013390393090887
46,122.6,26.8,57.1,51.1,39.5,112.8177726096699,9.782227390330092,.3453766301590022,.3497208686046843,103.89132045112251,121.7442247682173,55.311273290541266,170.32427192879854,1,,,,,,,,,111.89013686779546,10.709863132204527,.49102028494659306,.4972088051166244,105.0061689758147,118.77410475977622,67.5842053009171,156.1960684346738,111.89013686779546,10.709863132204527,.49102028494659306,.4972088051166244,105.0061689758147,118.77410475977622,67.5842053009171,156.1960684346738,112.8177726096699,9.782227390330092,.3453766301590022,.3497208686046843,103.89132045112251,121.7442247682173,55.311273290541266,170.32427192879854,112.8177726096699,9.782227390330092,.3453766301590022,.3497208686046843,103.89132045112251,121.7442247682173,55.311273290541266,170.32427192879854,111.89013686779546,10.709863132204527,.49102028494659306,.4972088051166244,105.0061689758147,118.77410475977622,67.5842053009171,156.1960684346738,110.19339852004008,12.40660147995992,.4784403424182705,.4846849925636359,101.86748559620298,118.51931144387717,57.49646054177985,162.89033649830031,109.30954808307851,13.290451916921485,.7194052017975833,.728811585874087,103.37000925809566,115.24908690806136,71.7484160582124,146.87068010794462,1.61751771974048,.02812194364213701,.00011018509101558574,1.5969568538369223,.02056086590355776,.8702455389264582,.8813741397290097,1.5894431658412158,1.6044705418326288,1.5489332228797041,1.6449804847941405,1.5914169491442922,.026100770596187695,1.4489372510719916,1.4703500756549495,1.5852582131187019,1.5975756851698826,1.5546780201544257,1.6281558781341587,1.5914169491442922,.026100770596187695,1.4489372510719916,1.4703500756549495,1.5852582131187019,1.5975756851698826,1.5546780201544257,1.6281558781341587
47,124.3,26.8,47.8,50.6,30.2,139.9006908108398,-15.600690810839804,-.5508064580186115,-.5749903136557233,123.59823687973271,156.20314474194686,80.79835650856391,199.00302511311565,1,,,,,,,,,132.935786983503,-8.635786983502989,-.39592911067434716,-.4139287210604733,120.16946456238493,145.70210940462107,87.34406025341492,178.52751371359108,132.935786983503,-8.635786983502989,-.39592911067434716,-.4139287210604733,120.16946456238493,145.70210940462107,87.34406025341492,178.52751371359108,139.9006908108398,-15.600690810839804,-.5508064580186115,-.5749903136557233,123.59823687973271,156.20314474194686,80.79835650856391,199.00302511311565,139.9006908108398,-15.600690810839804,-.5508064580186115,-.5749903136557233,123.59823687973271,156.20314474194686,80.79835650856391,199.00302511311565,132.935786983503,-8.635786983502989,-.39592911067434716,-.4139287210604733,120.16946456238493,145.70210940462107,87.34406025341492,178.52751371359108,142.75652526089908,-18.4565252608991,-.7117457814647683,-.7434335483148772,127.72656272903158,157.7864877927666,88.59430392555659,196.91874659624156,135.79274172173203,-11.492741721732024,-.6220960904273948,-.6507736542082692,124.90411782297888,146.68136562048517,97.13885901967424,174.4466244237898,1.6197467337834712,.02812194364213701,.0001873457778011225,1.6362696846549871,-.016522950871515882,-.6993394321661155,-.7386607534157742,1.6210002918094193,1.651539077500555,1.5864402959281472,1.686099073381827,1.6339495766585272,-.01420284287505597,-.7884452314138501,-.8355018935428171,1.6219660126365005,1.645933140680554,1.5957995480797755,1.672099605237279,1.6339495766585272,-.01420284287505597,-.7884452314138501,-.8355018935428171,1.6219660126365005,1.645933140680554,1.5957995480797755,1.672099605237279
48,96.7,27.5,63.5,50.3,40.3,114.25952559967119,-17.559525599671183,-.6199661423532417,-.62748212726667,105.4930787920763,123.02597240726608,56.777645798880954,171.74140540046145,1,,,,,,,,,113.31894444020915,-16.618944440209145,-.7619367991739574,-.7711935813455798,106.55793433000439,120.07995455041392,69.03195068604498,157.60593819437332,113.31894444020915,-16.618944440209145,-.7619367991739574,-.7711935813455798,106.55793433000439,120.07995455041392,69.03195068604498,157.60593819437332,114.25952559967119,-17.559525599671183,-.6199661423532417,-.62748212726667,105.4930787920763,123.02597240726608,56.777645798880954,171.74140540046145,114.25952559967119,-17.559525599671183,-.6199661423532417,-.62748212726667,105.4930787920763,123.02597240726608,56.777645798880954,171.74140540046145,113.31894444020915,-16.618944440209145,-.7619367991739574,-.7711935813455798,106.55793433000439,120.07995455041392,69.03195068604498,157.60593819437332,111.31151763995585,-14.611517639955851,-.5634693364015156,-.5706369066546862,103.09005721423024,119.53297806568146,58.63098178655872,163.99205349335298,110.41950090889772,-13.719500908897718,-.7426293990320447,-.7520934374474302,104.55424948157106,116.28475233622437,72.87004429709438,147.96895752070105,1.579583714116626,.02747067702772775,.00010606868460693183,1.599555496660409,-.019971782543783106,-.8453123883332724,-.8561292940246975,1.5920393720918404,1.6070716212289777,1.5515314844212333,1.6475795088995848,1.595266430855165,-.015682716738538948,-.8705977624966489,-.8826227245117697,1.5893081364583377,1.6012247252519922,1.5585605710231325,1.6319722906871974,1.595266430855165,-.015682716738538948,-.8705977624966489,-.8826227245117697,1.5893081364583377,1.6012247252519922,1.5585605710231325,1.6319722906871974
49,114.5,30,41.6,51.6,41.6,123.94326413374259,-9.44326413374259,-.3334090094284068,-.343277838728333,110.41937321762038,137.4671550498648,65.54624758911696,182.3402806783682,1,,,,,,,,,121.94560107380963,-7.445601073809624,-.3413620805169075,-.35150814129414615,111.50574011605465,132.3854620315646,76.94985399824323,166.94134814937604,121.94560107380963,-7.445601073809624,-.3413620805169075,-.35150814129414615,111.50574011605465,132.3854620315646,76.94985399824323,166.94134814937604,123.94326413374259,-9.44326413374259,-.3334090094284068,-.343277838728333,110.41937321762038,137.4671550498648,65.54624758911696,182.3402806783682,123.94326413374259,-9.44326413374259,-.3334090094284068,-.343277838728333,110.41937321762038,137.4671550498648,65.54624758911696,182.3402806783682,121.94560107380963,-7.445601073809624,-.3413620805169075,-.35150814129414615,111.50574011605465,132.3854620315646,76.94985399824323,166.94134814937604,120.75699808320898,-6.256998083208989,-.24129092163365293,-.2486103157533326,108.22360481338765,133.29039135303032,67.23380317553097,174.280192990887,118.8178241449083,-4.317824144908297,-.23372155963630661,-.24083871868152465,109.86803980354144,127.76760848627517,80.66472260266248,156.9709256871541,1.606499329648902,.025415841402374923,9.990494664679274e-05,1.6112313977287223,-.004732068079820276,-.20028636710515751,-.20599826287531886,1.6001392652882518,1.6223235301691927,1.5625194995405467,1.6599432959168978,1.6111736591853072,-.0046743295364051005,-.2594869819695158,-.267188854550464,1.6025401280218858,1.6198071903487286,1.5739398474782134,1.648407470892401,1.6111736591853072,-.0046743295364051005,-.2594869819695158,-.267188854550464,1.6025401280218858,1.6198071903487286,1.5739398474782134,1.648407470892401
50,106.4,27.2,54.5,50.9,40.2,112.93439703802716,-6.534397038027158,-.23070696877744842,-.23361452461831234,103.99940180892649,121.86939226712782,55.426571000641964,170.44222307541236,1,,,,,,,,,112.15701914885668,-5.757019148856677,-.2639448467286551,-.2672759509082798,105.26847916038352,119.04555913732983,67.85037696911257,156.46366132860078,112.15701914885668,-5.757019148856677,-.2639448467286551,-.2672759509082798,105.26847916038352,119.04555913732983,67.85037696911257,156.46366132860078,112.93439703802716,-6.534397038027158,-.23070696877744842,-.23361452461831234,103.99940180892649,121.86939226712782,55.426571000641964,170.44222307541236,112.93439703802716,-6.534397038027158,-.23070696877744842,-.23361452461831234,103.99940180892649,121.86939226712782,55.426571000641964,170.44222307541236,112.15701914885668,-5.757019148856677,-.2639448467286551,-.2672759509082798,105.26847916038352,119.04555913732983,67.85037696911257,156.46366132860078,109.9819809440248,-3.581980944024789,-.13813325044438168,-.13995697655543798,101.60911578797771,118.35484610007188,57.277604302320405,162.68635758572918,109.25223342769851,-2.8522334276985117,-.15438990167179747,-.15643069378586655,103.28088851604737,115.22357833934966,71.6860587809522,146.81840807444485,1.5947556989303637,.0277452534003579,.00010656908163053721,1.5978306271825014,-.003074928252137543,-.1301473686221841,-.13182900814591061,1.590278665021507,1.6053825893434956,1.5498009930437808,1.6458602613212219,1.5929626645457546,.0017930343846092023,.09953707315801179,.10096725369749227,1.586888120288208,1.5990372088033014,1.5562377552630016,1.6296875738285077,1.5929626645457546,.0017930343846092023,.09953707315801179,.10096725369749227,1.586888120288208,1.5990372088033014,1.5562377552630016,1.6296875738285077
51,132.2,27.2,62.9,50,34.4,129.8248191419826,2.3751808580173934,.08385942465119219,.085219336028581,119.71641899799911,139.9332192859661,72.12303694010437,187.52660134386085,1,,,,,,,,,125.28226330703987,6.917736692960114,.3171608264487305,.3224974125578032,117.35296147232474,133.21156514175502,80.8019262393298,169.76260037474995,125.28226330703987,6.917736692960114,.3171608264487305,.3224974125578032,117.35296147232474,133.21156514175502,80.8019262393298,169.76260037474995,129.8248191419826,2.3751808580173934,.08385942465119219,.085219336028581,119.71641899799911,139.9332192859661,72.12303694010437,187.52660134386085,129.8248191419826,2.3751808580173934,.08385942465119219,.085219336028581,119.71641899799911,139.9332192859661,72.12303694010437,187.52660134386085,125.28226330703987,6.917736692960114,.3171608264487305,.3224974125578032,117.35296147232474,133.21156514175502,80.8019262393298,169.76260037474995,130.2901675135928,1.9098324864071898,.07364957359468154,.07484502466696626,121.02711187593631,139.55322315124928,77.43706310131056,183.143271925875,125.76863376148243,6.4313662385175485,.3481264862607165,.35399000835650046,119.04610424089962,132.49116328206523,88.07575750228656,163.4615100206783,1.6297580899674717,.0277452534003579,.0001440942320798517,1.6169494291591686,.012808660808303092,.5421308606520874,.5496700993325527,1.6091204229008853,1.624778435417452,1.5688754553062563,1.665023403012081,1.6136473332930976,.01611075667437416,.8943596282887912,.9074412217663145,1.6075195675850706,1.6197750990011246,1.576913583328494,1.6503810832577013,1.6136473332930976,.01611075667437416,.8943596282887912,.9074412217663145,1.6075195675850706,1.6197750990011246,1.576913583328494,1.6503810832577013
52,124.3,26.8,47.8,50.6,30.2,139.9006908108398,-15.600690810839804,-.5508064580186115,-.5749903136557233,123.59823687973271,156.20314474194686,80.79835650856391,199.00302511311565,1,,,,,,,,,132.935786983503,-8.635786983502989,-.39592911067434716,-.4139287210604733,120.16946456238493,145.70210940462107,87.34406025341492,178.52751371359108,132.935786983503,-8.635786983502989,-.39592911067434716,-.4139287210604733,120.16946456238493,145.70210940462107,87.34406025341492,178.52751371359108,139.9006908108398,-15.600690810839804,-.5508064580186115,-.5749903136557233,123.59823687973271,156.20314474194686,80.79835650856391,199.00302511311565,139.9006908108398,-15.600690810839804,-.5508064580186115,-.5749903136557233,123.59823687973271,156.20314474194686,80.79835650856391,199.00302511311565,132.935786983503,-8.635786983502989,-.39592911067434716,-.4139287210604733,120.16946456238493,145.70210940462107,87.34406025341492,178.52751371359108,142.75652526089908,-18.4565252608991,-.7117457814647683,-.7434335483148772,127.72656272903158,157.7864877927666,88.59430392555659,196.91874659624156,135.79274172173203,-11.492741721732024,-.6220960904273948,-.6507736542082692,124.90411782297888,146.68136562048517,97.13885901967424,174.4466244237898,1.6197467337834712,.02812194364213701,.0001873457778011225,1.6362696846549871,-.016522950871515882,-.6993394321661155,-.7386607534157742,1.6210002918094193,1.651539077500555,1.5864402959281472,1.686099073381827,1.6339495766585272,-.01420284287505597,-.7884452314138501,-.8355018935428171,1.6219660126365005,1.645933140680554,1.5957995480797755,1.672099605237279,1.6339495766585272,-.01420284287505597,-.7884452314138501,-.8355018935428171,1.6219660126365005,1.645933140680554,1.5957995480797755,1.672099605237279
53,96.7,27.5,63.5,50.3,40.3,114.25952559967119,-17.559525599671183,-.6199661423532417,-.62748212726667,105.4930787920763,123.02597240726608,56.777645798880954,171.74140540046145,1,,,,,,,,,113.31894444020915,-16.618944440209145,-.7619367991739574,-.7711935813455798,106.55793433000439,120.07995455041392,69.03195068604498,157.60593819437332,113.31894444020915,-16.618944440209145,-.7619367991739574,-.7711935813455798,106.55793433000439,120.07995455041392,69.03195068604498,157.60593819437332,114.25952559967119,-17.559525599671183,-.6199661423532417,-.62748212726667,105.4930787920763,123.02597240726608,56.777645798880954,171.74140540046145,114.25952559967119,-17.559525599671183,-.6199661423532417,-.62748212726667,105.4930787920763,123.02597240726608,56.777645798880954,171.74140540046145,113.31894444020915,-16.618944440209145,-.7619367991739574,-.7711935813455798,106.55793433000439,120.07995455041392,69.03195068604498,157.60593819437332,111.31151763995585,-14.611517639955851,-.5634693364015156,-.5706369066546862,103.09005721423024,119.53297806568146,58.63098178655872,163.99205349335298,110.41950090889772,-13.719500908897718,-.7426293990320447,-.7520934374474302,104.55424948157106,116.28475233622437,72.87004429709438,147.96895752070105,1.579583714116626,.02747067702772775,.00010606868460693183,1.599555496660409,-.019971782543783106,-.8453123883332724,-.8561292940246975,1.5920393720918404,1.6070716212289777,1.5515314844212333,1.6475795088995848,1.595266430855165,-.015682716738538948,-.8705977624966489,-.8826227245117697,1.5893081364583377,1.6012247252519922,1.5585605710231325,1.6319722906871974,1.595266430855165,-.015682716738538948,-.8705977624966489,-.8826227245117697,1.5893081364583377,1.6012247252519922,1.5585605710231325,1.6319722906871974
54,114.5,30,41.6,51.6,41.6,123.94326413374259,-9.44326413374259,-.3334090094284068,-.343277838728333,110.41937321762038,137.4671550498648,65.54624758911696,182.3402806783682,1,,,,,,,,,121.94560107380963,-7.445601073809624,-.3413620805169075,-.35150814129414615,111.50574011605465,132.3854620315646,76.94985399824323,166.94134814937604,121.94560107380963,-7.445601073809624,-.3413620805169075,-.35150814129414615,111.50574011605465,132.3854620315646,76.94985399824323,166.94134814937604,123.94326413374259,-9.44326413374259,-.3334090094284068,-.343277838728333,110.41937321762038,137.4671550498648,65.54624758911696,182.3402806783682,123.94326413374259,-9.44326413374259,-.3334090094284068,-.343277838728333,110.41937321762038,137.4671550498648,65.54624758911696,182.3402806783682,121.94560107380963,-7.445601073809624,-.3413620805169075,-.35150814129414615,111.50574011605465,132.3854620315646,76.94985399824323,166.94134814937604,120.75699808320898,-6.256998083208989,-.24129092163365293,-.2486103157533326,108.22360481338765,133.29039135303032,67.23380317553097,174.280192990887,118.8178241449083,-4.317824144908297,-.23372155963630661,-.24083871868152465,109.86803980354144,127.76760848627517,80.66472260266248,156.9709256871541,1.606499329648902,.025415841402374923,9.990494664679274e-05,1.6112313977287223,-.004732068079820276,-.20028636710515751,-.20599826287531886,1.6001392652882518,1.6223235301691927,1.5625194995405467,1.6599432959168978,1.6111736591853072,-.0046743295364051005,-.2594869819695158,-.267188854550464,1.6025401280218858,1.6198071903487286,1.5739398474782134,1.648407470892401,1.6111736591853072,-.0046743295364051005,-.2594869819695158,-.267188854550464,1.6025401280218858,1.6198071903487286,1.5739398474782134,1.648407470892401
55,106.4,27.2,54.5,50.9,40.2,112.93439703802716,-6.534397038027158,-.23070696877744842,-.23361452461831234,103.99940180892649,121.86939226712782,55.426571000641964,170.44222307541236,1,,,,,,,,,112.15701914885668,-5.757019148856677,-.2639448467286551,-.2672759509082798,105.26847916038352,119.04555913732983,67.85037696911257,156.46366132860078,112.15701914885668,-5.757019148856677,-.2639448467286551,-.2672759509082798,105.26847916038352,119.04555913732983,67.85037696911257,156.46366132860078,112.93439703802716,-6.534397038027158,-.23070696877744842,-.23361452461831234,103.99940180892649,121.86939226712782,55.426571000641964,170.44222307541236,112.93439703802716,-6.534397038027158,-.23070696877744842,-.23361452461831234,103.99940180892649,121.86939226712782,55.426571000641964,170.44222307541236,112.15701914885668,-5.757019148856677,-.2639448467286551,-.2672759509082798,105.26847916038352,119.04555913732983,67.85037696911257,156.46366132860078,109.9819809440248,-3.581980944024789,-.13813325044438168,-.13995697655543798,101.60911578797771,118.35484610007188,57.277604302320405,162.68635758572918,109.25223342769851,-2.8522334276985117,-.15438990167179747,-.15643069378586655,103.28088851604737,115.22357833934966,71.6860587809522,146.81840807444485,1.5947556989303637,.0277452534003579,.00010656908163053721,1.5978306271825014,-.003074928252137543,-.1301473686221841,-.13182900814591061,1.590278665021507,1.6053825893434956,1.5498009930437808,1.6458602613212219,1.5929626645457546,.0017930343846092023,.09953707315801179,.10096725369749227,1.586888120288208,1.5990372088033014,1.5562377552630016,1.6296875738285077,1.5929626645457546,.0017930343846092023,.09953707315801179,.10096725369749227,1.586888120288208,1.5990372088033014,1.5562377552630016,1.6296875738285077
56,132.2,27.2,62.9,50,34.4,129.8248191419826,2.3751808580173934,.08385942465119219,.085219336028581,119.71641899799911,139.9332192859661,72.12303694010437,187.52660134386085,1,,,,,,,,,125.28226330703987,6.917736692960114,.3171608264487305,.3224974125578032,117.35296147232474,133.21156514175502,80.8019262393298,169.76260037474995,125.28226330703987,6.917736692960114,.3171608264487305,.3224974125578032,117.35296147232474,133.21156514175502,80.8019262393298,169.76260037474995,129.8248191419826,2.3751808580173934,.08385942465119219,.085219336028581,119.71641899799911,139.9332192859661,72.12303694010437,187.52660134386085,129.8248191419826,2.3751808580173934,.08385942465119219,.085219336028581,119.71641899799911,139.9332192859661,72.12303694010437,187.52660134386085,125.28226330703987,6.917736692960114,.3171608264487305,.3224974125578032,117.35296147232474,133.21156514175502,80.8019262393298,169.76260037474995,130.2901675135928,1.9098324864071898,.07364957359468154,.07484502466696626,121.02711187593631,139.55322315124928,77.43706310131056,183.143271925875,125.76863376148243,6.4313662385175485,.3481264862607165,.35399000835650046,119.04610424089962,132.49116328206523,88.07575750228656,163.4615100206783,1.6297580899674717,.0277452534003579,.0001440942320798517,1.6169494291591686,.012808660808303092,.5421308606520874,.5496700993325527,1.6091204229008853,1.624778435417452,1.5688754553062563,1.665023403012081,1.6136473332930976,.01611075667437416,.8943596282887912,.9074412217663145,1.6075195675850706,1.6197750990011246,1.576913583328494,1.6503810832577013,1.6136473332930976,.01611075667437416,.8943596282887912,.9074412217663145,1.6075195675850706,1.6197750990011246,1.576913583328494,1.6503810832577013
